affix,count
по-,271
-ова-,185
-енн-,109
-ир,103
-ок,95
-ств-,95
-ическ-,90
-ич,90
-тельн-,89
-ец,83
-е-,60
экс-,57
-нн-,53
-ин,49
-аци-,45
-ист,44
-еск-,38
-изм,37
-оч,36
-альн-,35
-ен,34
-ин-,33
из-,30
-в,26
-ер,26
-еств-,25
-л-,25
-иц-,23
-ат,22
-е,21
-ий,19
-им-,19
-ивн-,18
-т-,18
-онн-,18
-т,18
-у,18
ис-,17
-ль,17
-атор,16
-ищ-,16
-из,15
-ичн-,14
-ств,14
-ян,14
-ян-,14
-ан,14
-еньк-,13
-ом,13
-л,13
-ант,12
-он,12
-ив-,12
-ек,12
-лив-,12
-ал,11
вос-,11
-ор,11
вз-,10
-нич,10
воз-,10
-ем-,10
пре-,10
-як,9
-чив-,8
-ева-,8
-очк-,7
вс-,7
-ц-,7
-арь,7
-б-,7
-ат-,7
-ч-,7
-ист-,6
-ен-,6
-ушк-,6
-ч,6
-ур-,6
-ит,6
-енн,5
-ишк-,5
-ыш,5
-ова,5
-арн-,5
-ив,5
-аж,5
-ш-,5
-ущ-,4
-ост,4
-ком,4
-ид,4
-уч-,4
-им,4
-оват-,4
-ейш-,4
-ове,4
-ун,4
-ар,4
-ш,4
-овн-,4
вне-,4
-ач,4
супер-,3
-ак,3
-арий,3
-шн-,3
-ент,3
-он-,3
-льн-,3
-ем,3
над-,3
-ятор,3
-ан-,3
-оз,3
анти-,3
-ка,3
-ень-,3
-щин-,3
-инг,3
ни-,2
-ческ-,2
сверх-,2
-евт,2
-ят,2
-ет,2
-ень,2
-нича-,2
-ург,2
-ифик,2
де-,2
-овь-,2
-ича-,2
-ецк,2
-ом-,2
-ой,2
-уш,2
-их-,2
-енск,2
-ыр,2
-ше,2
-енок,2
-яг-,2
-иад-,2
между-,2
-ит-,2
-няк,2
-нь,2
-яци-,2
-яток,1
-чат-,1
-быль,1
-зн,1
-отн-,1
-ку,1
-шк-,1
-болит,1
-ез,1
-аль,1
-щиц-,1
экстра-,1
-ищ,1
-й,1
дез-,1
-из-,1
-ени-,1
прото-,1
-ор-,1
-итет,1
-ици,1
-шив-,1
-лев,1
-ющ-,1
виз-,1
-овит-,1
-ци,1
-авин,1
-инк-,1
контр-,1
-ырь,1
-ьк,1
-ух-,1
-ок-,1
-оид,1
-ай,1
-ябин,1
-ерть,1
-ват-,1
-щ-,1
-итор,1
-ир-,1
-ил-,1
-анс,1
-чиц-,1
-фонар,1
пеше-,1
-яж,1
-онок,1
-енци-,1
-ет-,1
пра-,1
-ав-,1
-ут,1
-ещ-,1
нао-,1
т-,1
-ад-,1
-айш-,1
-овл-,1
-арад,1
попере-,1
-овк-,1
-ел-,1
-их,1
-мобиль,1
-ячк-,1
-ех-,1
-ыше,1
-ток,1
-в-,1
-яч-,1
-юшк-,1
-янн-,1
-порта,1
сле-,1
-юч-,1
-ачий,1
-ей,1
-ева,1
-жи-,1
-омов,1
-ад,1
-енк-,1
после-,1
-ул-,1
-еж,1
ре-,1
-ын-,1
-мец,1
-уществова-,1
-нь-,1
-нн,1
-орн-,1
-вал-,1
-ярн-,1
-аш-,1
-ни-,1
меж-,1
-уци-,1
-вин,1
-ебн,1
-кач-,1
-ав,1
наи-,1
изо-,1
взо-,1
-ярск,1
-ышк-,1
обес-,1
-ель,1
-ельн-,1
-знь,1
-оньк-,1
нед-,1
ву-,1
-ынь,1
-иц,1
-бин,1
-евн-,1
-еч,1
-стви-,1
-об-,1
-яч,1
-оиц-,1
-овь,1
-ебн-,1
