lemma,derinet_pos,pymorphy_pos
Ааронов,NOUN,unknown
Аваков,NOUN,unknown
Авива,NOUN,unknown
Авраамий,ADJ,unknown
Адольфо,NOUN,unknown
Аид,NOUN,unknown
Айдара,NOUN,unknown
Айленд,NOUN,unknown
Акинфеев,NOUN,unknown
Александровна,NOUN,unknown
Алексеевна,NOUN,unknown
Алеппо,NOUN,unknown
Алка,NOUN,unknown
Аль,NOUN,FUNC
Альваро,NOUN,unknown
Амина,NOUN,unknown
Анастасий,ADJ,NOUN
Анатольевич,NOUN,unknown
Анатольевна,NOUN,unknown
Ангус,NOUN,unknown
Андерссон,NOUN,unknown
Андреева,NOUN,unknown
Андреевна,NOUN,unknown
Анн,NOUN,unknown
Анту,NOUN,unknown
Ану,NOUN,unknown
Арбатец,NOUN,unknown
Арсен,ADJ,NOUN
Арсений,ADJ,NOUN
Арсения,NOUN,unknown
Арт-мастерской,NOUN,ADJ
Артемий,ADJ,NOUN
Аршавин,NOUN,unknown
Аршавский,ADJ,NOUN
Аст,NOUN,unknown
Астанинский,ADJ,NOUN
Астахов,ADJ,NOUN
Атли,NOUN,unknown
Афанасьевич,NOUN,unknown
Афанасьевка,NOUN,unknown
Афанасьево,NOUN,unknown
Аха,NOUN,unknown
Баб,NOUN,unknown
Бад,NOUN,unknown
Баден,ADJ,NOUN
Баженово,NOUN,ADV
Байден,ADJ,NOUN
Байе,NOUN,unknown
Бала,NOUN,unknown
Барнс,NOUN,unknown
Басса,NOUN,unknown
Бастрыкин,ADJ,NOUN
Бахи,NOUN,unknown
Башар,ADJ,NOUN
Башкортостанский,ADJ,unknown
Беверли,NOUN,unknown
Бека,NOUN,unknown
Белая,NOUN,unknown
Белл,NOUN,unknown
Белоснежка,NOUN,unknown
Белоусово,NOUN,unknown
Белый,NOUN,ADJ
Беля,NOUN,unknown
Беннет,NOUN,unknown
Берг-коллегия,NOUN,unknown
Бердыев,NOUN,unknown
Берли,NOUN,unknown
Берни,NOUN,unknown
Бернс,NOUN,unknown
Берри,NOUN,unknown
Бет,NOUN,unknown
Бетти,NOUN,unknown
Биба,NOUN,unknown
Бизнес-курс,NOUN,unknown
Билялетдинов,NOUN,unknown
Бин,NOUN,FUNC
Бишкек,ADJ,NOUN
Бланш,NOUN,unknown
Блейк,NOUN,unknown
Блох,NOUN,unknown
Блю,ADJ,unknown
Блю,NOUN,unknown
Боброво,NOUN,unknown
Бойд,NOUN,unknown
Бойз,NOUN,unknown
Бойл,NOUN,unknown
Бойцов,NOUN,unknown
Болдуин,NOUN,unknown
Бонди,NOUN,unknown
Боня,NOUN,unknown
Борисовна,NOUN,unknown
Боуи,NOUN,unknown
Браг,NOUN,unknown
Бреннан,NOUN,unknown
Бретт,NOUN,unknown
Бро,NOUN,unknown
Бродский,ADJ,NOUN
Бруклин,ADJ,NOUN
Брукс,NOUN,unknown
Брюггений,ADJ,NOUN
Бун,NOUN,unknown
Бута,NOUN,unknown
Бушиной,ADJ,NOUN
Быково,NOUN,unknown
Бэнкс,NOUN,unknown
Вао,NOUN,unknown
Василевский,ADJ,NOUN
Васильевич,NOUN,unknown
Васильевна,NOUN,unknown
Васильево,NOUN,unknown
Венгер,NOUN,unknown
Венди,NOUN,unknown
Верн,NOUN,unknown
Вернон,NOUN,unknown
Верня,NOUN,unknown
Видела,NOUN,unknown
Вий,NOUN,unknown
Викторовна,NOUN,unknown
Винка,NOUN,unknown
Винни-пух,NOUN,unknown
Виннипег,ADJ,NOUN
Вир,NOUN,unknown
Вито,NOUN,unknown
Витте,NOUN,unknown
Владий,ADJ,NOUN
Владимира,NOUN,unknown
Владимировна,NOUN,unknown
Владимирский,NOUN,ADJ
Воинов,NOUN,unknown
Волкова,NOUN,unknown
Володин,ADJ,NOUN
Волотовой,ADJ,NOUN
Вольфсбург,NOUN,unknown
Вонг,ADJ,unknown
Вонг,NOUN,unknown
Вот,NOUN,FUNC
Вуд,NOUN,unknown
Вуди,NOUN,unknown
Вудс,NOUN,unknown
Высоцкий,ADJ,NOUN
Вятский,NOUN,ADJ
Габриель,NOUN,unknown
Гав,NOUN,unknown
Гал,NOUN,unknown
Гальский,ADJ,NOUN
Ган,NOUN,unknown
Гао,NOUN,unknown
Гарет,NOUN,unknown
Гарро,NOUN,unknown
Гарфилд,NOUN,unknown
Гейл,NOUN,unknown
Георгиевна,NOUN,unknown
Георгий,ADJ,NOUN
Герасимова,NOUN,unknown
Гессен,ADJ,NOUN
Гийом,NOUN,unknown
Гильермо,NOUN,unknown
Гис,NOUN,unknown
Гленн,NOUN,unknown
Глинский,ADJ,NOUN
Гоа,NOUN,unknown
Говард,ADJ,NOUN
Гого,NOUN,unknown
Годзилла,NOUN,unknown
Головин,ADJ,NOUN
Горбунова,NOUN,unknown
Горо,NOUN,unknown
Госдеп,ADJ,NOUN
Господа,NOUN,unknown
Гота,NOUN,unknown
Гото,NOUN,unknown
Готье,NOUN,unknown
Григорьевич,NOUN,unknown
Григорьевна,NOUN,unknown
Гримма,NOUN,unknown
Гриффит,NOUN,unknown
Гриш,NOUN,unknown
Грэмми,NOUN,unknown
Гуди,NOUN,unknown
Гудиа,NOUN,unknown
Гук,NOUN,unknown
Гур,NOUN,unknown
Гура,NOUN,unknown
Гури,NOUN,unknown
Давидовой,NOUN,ADJ
Даг,NOUN,unknown
Дайан,NOUN,unknown
Дал,NOUN,unknown
Дальский,ADJ,NOUN
Данилово,NOUN,unknown
Даррен,ADJ,NOUN
Дворкович,NOUN,unknown
Девичья,NOUN,unknown
Дейв,NOUN,unknown
Дейли,NOUN,unknown
Депп,ADJ,unknown
Депп,NOUN,unknown
Джа,NOUN,unknown
Джастин,ADJ,NOUN
Джейми,NOUN,unknown
Дженкинс,NOUN,unknown
Джесс,NOUN,unknown
Джины,NOUN,unknown
Джой,ADJ,unknown
Джой,NOUN,unknown
Джоли,NOUN,unknown
Джош,NOUN,unknown
Джуди,NOUN,unknown
Джули,NOUN,unknown
Джун,NOUN,unknown
Дий,NOUN,unknown
Дикий,NOUN,ADJ
Дита,NOUN,unknown
Дмитриевна,NOUN,unknown
Добровольский,ADJ,NOUN
Доменико,NOUN,unknown
Достоевский,ADJ,NOUN
Доу,NOUN,unknown
Дроздовский,ADJ,unknown
Дроздовский,NOUN,unknown
Дэйли,NOUN,unknown
Евгений,ADJ,NOUN
Евгеньевич,NOUN,unknown
Жермен,ADJ,NOUN
Жилин,ADJ,NOUN
Жорже,NOUN,unknown
Жуково,NOUN,unknown
Жюль,NOUN,unknown
Зай,NOUN,unknown
Зайцево,NOUN,unknown
Зайцевский,ADJ,NOUN
Зака,NOUN,unknown
Зиле,NOUN,unknown
Зиминой,ADJ,NOUN
Зино,NOUN,unknown
Зыков,NOUN,unknown
Ивановна,NOUN,unknown
Ивановский,NOUN,ADJ
Игнатово,NOUN,unknown
Иисусов,NOUN,unknown
Или,NOUN,FUNC
Иллинойс,NOUN,unknown
Илон,NOUN,unknown
Ильинична,NOUN,unknown
Иля,NOUN,unknown
Интерпол,ADJ,NOUN
Ирвинг,NOUN,unknown
Ирен,ADJ,NOUN
Ирений,ADJ,NOUN
Ирень,NOUN,unknown
Иркутский,NOUN,ADJ
Итак,NOUN,FUNC
Ито,NOUN,unknown
Йоркский,NOUN,ADJ
Казанов,NOUN,unknown
Казанова,NOUN,unknown
Каи,NOUN,unknown
Кали-юга,NOUN,unknown
Каль,NOUN,unknown
Каля,NOUN,unknown
Каменский,ADJ,NOUN
Камерон,ADJ,NOUN
Канте,NOUN,unknown
Капелло,NOUN,unknown
Капри,NOUN,unknown
Кар,NOUN,unknown
Карлайл,NOUN,unknown
Каролин,ADJ,NOUN
Каса,NOUN,unknown
Каси,NOUN,unknown
Касл,ADJ,NOUN
Кейдж,NOUN,unknown
Кейн,NOUN,unknown
Кен,ADJ,NOUN
Керб,NOUN,unknown
Кернес,NOUN,unknown
Керченский,NOUN,ADJ
Кид,NOUN,unknown
Кимберли,NOUN,unknown
Кими,NOUN,unknown
Кин,NOUN,unknown
Кирила,NOUN,unknown
Кириллов,ADJ,NOUN
Китти,NOUN,unknown
Климкин,NOUN,unknown
Клио,NOUN,unknown
Кличко,NOUN,unknown
Кляйн,ADJ,unknown
Кляйн,NOUN,unknown
Коба,NOUN,unknown
Ковалевский,ADJ,NOUN
Коди,NOUN,unknown
Козлова,NOUN,unknown
Кокорина,NOUN,unknown
Коламбус,NOUN,unknown
Коллинз,NOUN,unknown
Коломойский,ADJ,unknown
Коломойский,NOUN,unknown
Колпь,NOUN,unknown
Коль,NOUN,FUNC
Кольский,NOUN,ADJ
Конан,NOUN,unknown
Кондратьевич,NOUN,unknown
Кони,NOUN,unknown
Коннектикутский,ADJ,unknown
Конни,NOUN,unknown
Коннор,NOUN,unknown
Коно,NOUN,unknown
Константиновна,NOUN,unknown
Конте,NOUN,unknown
Кончаловский,ADJ,unknown
Кончаловский,NOUN,unknown
Конюхов,NOUN,unknown
Корей,NOUN,unknown
Кост,NOUN,unknown
Костенки,NOUN,unknown
Костин,ADJ,NOUN
Кота,NOUN,unknown
Крема,NOUN,unknown
Кристен,ADJ,NOUN
Кристя,NOUN,unknown
Кроу,NOUN,unknown
Кузин,NOUN,unknown
Кузнецкий,NOUN,ADJ
Куйбышево,NOUN,unknown
Кул,NOUN,unknown
Кулаков,NOUN,unknown
Кулаковский,ADJ,NOUN
Курбанов,NOUN,unknown
Курганов,NOUN,unknown
Кучук,NOUN,unknown
Кый,ADJ,unknown
Кэмерон,ADJ,NOUN
Кэмпбелл,NOUN,unknown
Кэтрин,ADJ,NOUN
Лади,NOUN,unknown
Ланский,ADJ,NOUN
Ланской,ADJ,unknown
Лар,NOUN,unknown
Леви,NOUN,unknown
Левицкий,ADJ,NOUN
Левкий,ADJ,NOUN
Лексус,NOUN,unknown
Лем,NOUN,unknown
Лема,NOUN,unknown
Ленина,NOUN,unknown
Ленино,NOUN,unknown
Леоново,NOUN,ADV
Лепс,NOUN,unknown
Лермонт,NOUN,unknown
Лермонтово,NOUN,unknown
Леся,ADJ,NOUN
Лиам,NOUN,unknown
Ливанов,NOUN,unknown
Лиззи,NOUN,unknown
Ликсутов,NOUN,unknown
Лин,ADJ,unknown
Лин,NOUN,unknown
Линдсей,NOUN,unknown
Линдси,NOUN,unknown
Линный,ADJ,unknown
Линский,ADJ,NOUN
Литвиново,NOUN,ADV
Лич,NOUN,unknown
Ллойд,NOUN,unknown
Логан,NOUN,unknown
Локи,NOUN,unknown
Лонг,NOUN,unknown
Лоу,NOUN,unknown
Луганский,NOUN,ADJ
Луговой,NOUN,ADJ
Лурье,NOUN,unknown
Лучевой,NOUN,ADJ
Луя,NOUN,unknown
Львовна,NOUN,unknown
Львовщина,NOUN,unknown
Любшин,NOUN,unknown
Лютер,NOUN,unknown
Маа,NOUN,unknown
Мадуро,NOUN,unknown
Макарий,ADJ,NOUN
Макарова,NOUN,unknown
Максимовна,NOUN,unknown
Малиновский,ADJ,NOUN
Малкин,ADJ,NOUN
Малышева,NOUN,unknown
Мамаев,NOUN,ADJ
Ман,NOUN,unknown
Манн,NOUN,unknown
Мансурово,NOUN,ADV
Ману,NOUN,unknown
Манхэттен,NOUN,unknown
Манхэттенский,ADJ,unknown
Манье,NOUN,unknown
Мар,NOUN,unknown
Марвин,ADJ,NOUN
Мардж,NOUN,unknown
Марион,NOUN,unknown
Маркес,NOUN,unknown
Мартен,ADJ,NOUN
Марчелло,NOUN,unknown
Марья,ADJ,NOUN
Масленников,NOUN,unknown
Мата,NOUN,unknown
Мати,NOUN,unknown
Матросово,NOUN,unknown
Маттео,NOUN,unknown
Матье,NOUN,unknown
Мау,NOUN,unknown
Маха,NOUN,unknown
Махно,NOUN,unknown
Махонин,NOUN,unknown
Маяковский,ADJ,NOUN
Мельниково,NOUN,unknown
Мен,NOUN,unknown
Менский,ADJ,NOUN
Мень,NOUN,unknown
Менье,NOUN,unknown
Мередит,NOUN,unknown
Мерлин,ADJ,unknown
Мерлин,NOUN,unknown
Мерфи,NOUN,unknown
Месси,NOUN,unknown
Мешков,NOUN,unknown
Мики,NOUN,unknown
Милли,NOUN,unknown
Милонов,NOUN,unknown
Милош,NOUN,unknown
Милтона,NOUN,unknown
Миль,NOUN,unknown
Миннесота,NOUN,unknown
Минпромторг,NOUN,unknown
Минстрой,ADJ,NOUN
Мира,NOUN,unknown
Митчелл,NOUN,unknown
Михаила,NOUN,unknown
Михайлович,NOUN,unknown
Михайловна,NOUN,unknown
Михайловский,NOUN,ADJ
Михалыч,NOUN,unknown
Мишной,ADJ,NOUN
Мод,NOUN,unknown
Молли,NOUN,unknown
Мон,NOUN,unknown
Монахов,NOUN,unknown
Монти,NOUN,unknown
Моня,NOUN,unknown
Морзе,NOUN,ADJ
Мори,NOUN,unknown
Морин,ADJ,NOUN
Моро,NOUN,unknown
Мосс,NOUN,unknown
Моти,NOUN,unknown
Мохаммед,ADJ,NOUN
Мумбаи,NOUN,unknown
Мури,NOUN,unknown
Мурин,NOUN,unknown
Мутко,NOUN,unknown
Мэгги,NOUN,unknown
Мэй,NOUN,unknown
Мясников,NOUN,unknown
Наварро,NOUN,unknown
Нагорный,NOUN,ADJ
Над,NOUN,FUNC
Надин,NOUN,ADJ
Надь,NOUN,unknown
Наий,ADJ,NOUN
Наль,NOUN,unknown
Нан,NOUN,unknown
Нани,NOUN,unknown
Нао,NOUN,unknown
Нассау,NOUN,unknown
Нат,NOUN,unknown
Невада,NOUN,unknown
Неймар,NOUN,unknown
Некрасово,NOUN,unknown
Немо,NOUN,ADV
Нестерова,NOUN,unknown
Нет,NOUN,FUNC
Неужели,NOUN,FUNC
Нижний,NOUN,ADJ
Никитич,NOUN,unknown
Никки,NOUN,unknown
Нико,NOUN,unknown
Николаевна,NOUN,unknown
Николаевский,NOUN,ADJ
Никольская,NOUN,unknown
Нила,NOUN,unknown
Ним,NOUN,unknown
Нини,NOUN,unknown
Ноа,NOUN,unknown
Новгородский,NOUN,ADJ
Ноги,NOUN,unknown
Нура,NOUN,unknown
Нури,NOUN,unknown
Ньюман,NOUN,unknown
Нэш,NOUN,unknown
Обухов,ADJ,NOUN
Обуховый,ADJ,unknown
Ога,NOUN,unknown
Однако,NOUN,FUNC
Окс,NOUN,unknown
Олаф,NOUN,unknown
Олеский,ADJ,NOUN
Олли,NOUN,unknown
Орду,NOUN,unknown
Орловский,NOUN,ADJ
Охлобыстин,NOUN,unknown
Павлов,ADJ,NOUN
Павловна,NOUN,unknown
Палас,ADJ,NOUN
Пале,NOUN,unknown
Палмер,NOUN,unknown
Пао,NOUN,unknown
Пап,NOUN,unknown
Парсонс,NOUN,unknown
Парубий,ADJ,unknown
Парубий,NOUN,unknown
Патрисия,NOUN,unknown
Патти,NOUN,unknown
Пауэр,NOUN,unknown
Пахомий,ADJ,unknown
Пейдж,NOUN,unknown
Пеле,NOUN,ADV
Пепе,NOUN,unknown
Перский,ADJ,NOUN
Пети,NOUN,unknown
Петри,NOUN,unknown
Петровна,NOUN,unknown
Печерский,NOUN,ADJ
Платоново,NOUN,ADV
Поветкин,ADJ,NOUN
Подольский,NOUN,ADJ
Пожаров,NOUN,unknown
Полевой,NOUN,ADJ
Полин,ADJ,unknown
Полонский,ADJ,NOUN
После,NOUN,FUNC
Посполитой,NOUN,ADJ
Преображенский,NOUN,ADJ
Приамурье,NOUN,unknown
Примеров,NOUN,unknown
Приморец,NOUN,unknown
Принс,NOUN,unknown
Промыслов,NOUN,unknown
Пучков,NOUN,unknown
Пушкина,NOUN,unknown
Пушков,NOUN,unknown
Пэн,NOUN,unknown
Пэна,NOUN,unknown
Пэт,NOUN,unknown
Рабинович,NOUN,unknown
Раевский,ADJ,NOUN
Райкконен,ADJ,unknown
Райкконен,NOUN,unknown
Райс,NOUN,unknown
Райский,NOUN,ADJ
Рассел,NOUN,unknown
Расселл,NOUN,unknown
Расти,NOUN,VERB
Расула,NOUN,unknown
Раш,NOUN,unknown
Ривз,NOUN,unknown
Ридли,NOUN,unknown
Рио,NOUN,unknown
Рип,NOUN,unknown
Рич,ADJ,unknown
Рич,NOUN,unknown
Ричардсон,NOUN,unknown
Ричи,NOUN,unknown
Робби,NOUN,unknown
Робертс,NOUN,unknown
Роджерс,NOUN,unknown
Ройзман,NOUN,unknown
Рокки,NOUN,unknown
Ромен,ADJ,NOUN
Ромеро,NOUN,unknown
Рори,NOUN,unknown
Россельхознадзор,NOUN,unknown
Росси,NOUN,unknown
Россо,NOUN,unknown
Ростовский,NOUN,ADJ
Роуз,NOUN,unknown
Руди,NOUN,unknown
Руднев,NOUN,unknown
Руни,NOUN,unknown
Русса,NOUN,unknown
Рэнд,NOUN,unknown
Рябово,NOUN,unknown
Рязаново,NOUN,ADV
Савий,ADJ,NOUN
Савицкий,ADJ,NOUN
Сади,NOUN,unknown
Садо,NOUN,unknown
Сай,NOUN,unknown
Сайрус,NOUN,ADJ
Сайто,NOUN,unknown
Сальваторе,NOUN,unknown
Самсоново,NOUN,ADV
Сандий,ADJ,NOUN
Санта,NOUN,unknown
Сараево,NOUN,unknown
Сару,NOUN,unknown
Сас,NOUN,unknown
Саса,NOUN,unknown
Сахи,NOUN,unknown
Сахий,ADJ,NOUN
Свифт,NOUN,unknown
Свободы,NOUN,unknown
Святейший,ADJ,unknown
Святой,NOUN,ADJ
Севера,NOUN,unknown
Сегодня,ADJ,ADV
Сегодня,NOUN,ADV
Сейма,NOUN,unknown
Сеймур,ADJ,NOUN
Селин,ADJ,unknown
Селин,NOUN,unknown
Сен,NOUN,unknown
Сергеевна,NOUN,unknown
Сергеево,NOUN,unknown
Сергий,ADJ,NOUN
Серго,NOUN,unknown
Серена,NOUN,unknown
Сие,NOUN,PRON
Силва,NOUN,unknown
Силвой,ADJ,NOUN
Силуанов,NOUN,unknown
Симоненко,NOUN,unknown
Сингх,ADJ,unknown
Сингх,NOUN,unknown
Синдзи,NOUN,unknown
Синема,NOUN,unknown
Сира,NOUN,unknown
Слова,NOUN,unknown
Слуцкий,ADJ,NOUN
Смоленский,NOUN,ADJ
Смолов,NOUN,unknown
Смыслов,NOUN,unknown
Снежка,NOUN,unknown
Сноуден,ADJ,NOUN
Собянин,ADJ,NOUN
Советский,NOUN,ADJ
Соков,NOUN,unknown
Соколовский,NOUN,ADJ
Сол,NOUN,unknown
Сомов,NOUN,unknown
Сона,NOUN,unknown
Соу,NOUN,unknown
Софи,NOUN,unknown
Сош,NOUN,unknown
Среди,NOUN,FUNC
Средства,NOUN,unknown
Средь,NOUN,FUNC
Станиславский,ADJ,NOUN
Стар,NOUN,unknown
Старр,NOUN,unknown
Степановна,NOUN,unknown
Степаново,NOUN,ADV
Стивен,ADJ,NOUN
Стрелков,NOUN,unknown
Стрельцов,NOUN,unknown
Стэн,NOUN,unknown
Суворово,NOUN,unknown
Суда,NOUN,unknown
Сун,NOUN,unknown
Сунь,NOUN,unknown
Супер,NOUN,ADJ
Сый,ADJ,unknown
Сыня,NOUN,unknown
Сюда,NOUN,ADV
Тадж,NOUN,unknown
Тайлер,NOUN,unknown
Так,NOUN,FUNC
Там,NOUN,ADV
Тао,NOUN,unknown
Тар,NOUN,unknown
Тарзан,NOUN,unknown
Таун,NOUN,unknown
Тауэр,NOUN,unknown
Твин,ADJ,NOUN
Тед,ADJ,NOUN
Тейт,NOUN,unknown
Темпл,ADJ,NOUN
Тен,ADJ,NOUN
Тернер,NOUN,unknown
Тесла,NOUN,unknown
Тибо,NOUN,unknown
Тимощук,NOUN,unknown
Тихо,NOUN,ADV
Тихов,NOUN,unknown
Тобиас,NOUN,unknown
Тодд,NOUN,unknown
Толик,NOUN,unknown
Толстой,ADJ,NOUN
Томский,NOUN,ADJ
Торрес,NOUN,unknown
Тото,NOUN,unknown
Трейси,NOUN,unknown
Трой,ADJ,NOUN
Троцкий,ADJ,NOUN
Троя,NOUN,unknown
Трутнев,NOUN,unknown
Тул,NOUN,unknown
Турецкий,NOUN,ADJ
Тури,NOUN,unknown
Турин,ADJ,NOUN
Турчинов,NOUN,unknown
Тян,NOUN,unknown
Уайлд,ADJ,unknown
Уайлд,NOUN,unknown
Углов,NOUN,unknown
Ужгородский,ADJ,unknown
Узлов,NOUN,unknown
Уилл,NOUN,unknown
Ульяново,NOUN,ADV
Улюкаев,NOUN,unknown
Уни,NOUN,unknown
Униан,NOUN,unknown
Уокер,NOUN,unknown
Уолл,NOUN,unknown
Уолш,NOUN,unknown
Уорнер,ADJ,unknown
Уорнер,NOUN,unknown
Упс,NOUN,unknown
Ури,NOUN,unknown
Уря,NOUN,unknown
Уфимский,NOUN,ADJ
Ушаково,NOUN,unknown
Уэйд,NOUN,unknown
Федерер,NOUN,unknown
Федорова,NOUN,unknown
Фельдман,NOUN,unknown
Фернандес,NOUN,unknown
Филиппова,NOUN,unknown
Фирсов,NOUN,unknown
Фиш,NOUN,unknown
Флоренс,NOUN,unknown
Фокий,ADJ,NOUN
Фокин,ADJ,NOUN
Фокина,NOUN,unknown
Фокс,NOUN,unknown
Форбс,NOUN,unknown
Франсиско,NOUN,unknown
Фуа,NOUN,unknown
Фэн,NOUN,unknown
Хабаров,NOUN,unknown
Хабиба,NOUN,unknown
Хави,NOUN,unknown
Хайнц,NOUN,unknown
Халк,ADJ,unknown
Халк,NOUN,unknown
Хамиди,NOUN,ADJ
Хаммер,NOUN,unknown
Хамфри,NOUN,ADJ
Ханой,ADJ,NOUN
Хансен,ADJ,unknown
Хансен,NOUN,unknown
Хантер,NOUN,unknown
Харди,NOUN,unknown
Хари,NOUN,unknown
Харта,NOUN,unknown
Хах,NOUN,unknown
Хвостов,NOUN,unknown
Хейден,ADJ,NOUN
Хейли,NOUN,unknown
Хендерсон,NOUN,unknown
Хесус,NOUN,unknown
Хех,NOUN,FUNC
Хиггинс,NOUN,unknown
Хилл,NOUN,unknown
Химка,NOUN,unknown
Хип,NOUN,unknown
Хиро,NOUN,unknown
Хлоя,NOUN,unknown
Хоакий,ADJ,NOUN
Хоакин,NOUN,unknown
Ходорковский,ADJ,NOUN
Холт,NOUN,unknown
Хопкинс,NOUN,unknown
Хорн,NOUN,unknown
Хоу,NOUN,unknown
Хоуп,NOUN,unknown
Хохлово,NOUN,unknown
Хренов,NOUN,unknown
Христиан,NOUN,unknown
Хун,NOUN,unknown
Хэллоуин,ADJ,unknown
Хэллоуин,NOUN,unknown
Хэм,NOUN,unknown
Царев,NOUN,ADJ
Циммерман,NOUN,unknown
Цинциннати,NOUN,unknown
Чака,NOUN,unknown
Чао,NOUN,FUNC
Чапаево,NOUN,unknown
Черчесов,NOUN,unknown
Чжи,NOUN,unknown
Чжоу,NOUN,unknown
Чжу,NOUN,unknown
Чистяково,NOUN,unknown
Чон,ADJ,NOUN
Чудинов,NOUN,unknown
Чука,NOUN,unknown
Чуковский,ADJ,NOUN
Чуркин,ADJ,NOUN
Шали,NOUN,unknown
Шан,NOUN,unknown
Шариков,NOUN,unknown
Шатов,NOUN,unknown
Шведов,NOUN,unknown
Шейн,NOUN,unknown
Шер,NOUN,unknown
Шерман,NOUN,unknown
Шин,NOUN,unknown
Шипулин,NOUN,unknown
Ширли,NOUN,unknown
Шор,NOUN,unknown
Шрек,NOUN,unknown
Штефан,NOUN,unknown
Шульга,NOUN,unknown
Шульгин,ADJ,NOUN
Эва,NOUN,FUNC
Эвелин,ADJ,unknown
Эвелин,NOUN,unknown
Эдвардс,NOUN,unknown
Эдо,NOUN,unknown
Эла,NOUN,unknown
Элит,NOUN,unknown
Эллиот,NOUN,unknown
Эми,NOUN,unknown
Эмм,NOUN,unknown
Эмми,NOUN,unknown
Энтерпрайз,NOUN,unknown
Эрл,ADJ,NOUN
Юджин,ADJ,NOUN
Юки,NOUN,unknown
Юко,NOUN,unknown
Юрьевич,NOUN,unknown
Юрьевна,NOUN,unknown
Языков,NOUN,unknown
Яковлевна,NOUN,unknown
Якуб,ADJ,NOUN
Якуба,NOUN,unknown
Якунина,NOUN,unknown
Янга,NOUN,unknown
Яня,NOUN,unknown
Ярош,ADJ,unknown
Ярош,NOUN,unknown
абс,NOUN,unknown
аварийно,ADV,unknown
аватар,ADJ,NOUN
ави,NOUN,unknown
авокадый,ADJ,NOUN
австро-германский,ADJ,unknown
автономка,NOUN,unknown
агрегатировать,VERB,unknown
адам,VERB,NOUN
адити,VERB,unknown
адм,NOUN,unknown
админить,VERB,NOUN
акбарать,VERB,NOUN
аки,ADV,FUNC
аксеть,VERB,NOUN
активизм,NOUN,unknown
алам,VERB,NOUN
алек,VERB,NOUN
алена,VERB,NOUN
алмать,VERB,NOUN
алтать,VERB,NOUN
альберти,VERB,NOUN
альфа-активность,NOUN,unknown
альфа-версия,NOUN,unknown
альфа-волна,NOUN,unknown
альфа-излучение,NOUN,unknown
альфа-канал,NOUN,unknown
альфа-распад,NOUN,unknown
альфа-ритм,NOUN,unknown
альфа-самец,NOUN,unknown
альфа-тестирование,NOUN,unknown
аляски,ADV,unknown
ам,NOUN,unknown
американо,NOUN,unknown
амерский,ADJ,NOUN
амирать,VERB,NOUN
англ,NOUN,ADJ
англо,ADV,unknown
ане,NOUN,unknown
аний,ADJ,NOUN
анить,VERB,NOUN
анне,ADV,NOUN
аннить,VERB,NOUN
анонить,VERB,NOUN
ансеть,VERB,NOUN
антонить,VERB,NOUN
аншлаговый,ADJ,unknown
ап,NOUN,unknown
апа,NOUN,unknown
апл,ADJ,unknown
апл,NOUN,unknown
арать,VERB,NOUN
арен,ADJ,NOUN
арестованный,NOUN,unknown
армать,VERB,NOUN
архитектурно,ADV,unknown
асия,NOUN,unknown
ассоциат,NOUN,unknown
аст,NOUN,unknown
ат,NOUN,unknown
атать,VERB,NOUN
атма,NOUN,unknown
атс,NOUN,unknown
ауд,NOUN,unknown
аудировать,VERB,unknown
афри,NOUN,ADJ
аха,NOUN,unknown
аший,ADJ,unknown
аякс,NOUN,unknown
бад,NOUN,unknown
баклажановый,ADJ,unknown
балт,NOUN,unknown
банданой,ADJ,NOUN
бандера,ADV,NOUN
бао,NOUN,unknown
баро,NOUN,unknown
барсеть,VERB,NOUN
басти,NOUN,unknown
батать,VERB,NOUN
батл,NOUN,unknown
бегать,NOUN,VERB
без,NOUN,FUNC
бело,ADV,unknown
белоснежка,NOUN,unknown
бени,VERB,NOUN
бенить,VERB,NOUN
беречь,NOUN,VERB
берни,VERB,unknown
берут,VERB,unknown
беседовать,NOUN,VERB
бесов,ADJ,unknown
бесхозяйствие,NOUN,unknown
бет,NOUN,unknown
бета-тест,NOUN,unknown
бетти,NOUN,unknown
бечь,VERB,unknown
бид,NOUN,unknown
бизнес-анализ,NOUN,unknown
бизнес-аналитик,NOUN,unknown
бизнес-ангел,NOUN,unknown
бизнес-виза,NOUN,unknown
бизнес-зал,NOUN,unknown
бизнес-карьера,NOUN,unknown
бизнес-ланч,NOUN,unknown
бизнес-логика,NOUN,unknown
бизнес-психолог,NOUN,unknown
бизнес-психология,NOUN,unknown
бизнес-тур,NOUN,unknown
бизнес-туризм,NOUN,unknown
бизнес-турист,NOUN,unknown
бизнес-эмиграция,NOUN,unknown
бий,ADJ,unknown
бий,NOUN,unknown
билять,VERB,NOUN
бин,NOUN,FUNC
бирать,VERB,NOUN
бис,ADV,FUNC
бис,NOUN,FUNC
биткоин,NOUN,unknown
бить,NOUN,VERB
благовременно,ADV,unknown
благодаря,NOUN,FUNC
бланш,NOUN,unknown
ближайший,ADJ,unknown
блок-хаус,NOUN,unknown
блэк,ADV,unknown
блэк,NOUN,unknown
блю,ADJ,unknown
блю,NOUN,unknown
блюдя,NOUN,unknown
бля,NOUN,FUNC
боко,ADV,NOUN
больше,ADJ,ADV
боля,NOUN,unknown
болять,VERB,NOUN
бомбануть,VERB,unknown
бомжеватый,ADJ,unknown
бордо,ADV,NOUN
борисов,ADJ,NOUN
борки,NOUN,unknown
боро,NOUN,unknown
бороть,VERB,unknown
браний,ADJ,NOUN
брать,NOUN,VERB
братья,NOUN,unknown
брит,NOUN,unknown
бро,ADV,unknown
бро,NOUN,unknown
будет,ADV,unknown
будет,NOUN,unknown
бузи,VERB,unknown
бурать,VERB,NOUN
буровой,NOUN,ADJ
бута,VERB,unknown
бути,NOUN,unknown
бути,VERB,unknown
бушизм,NOUN,unknown
бывало,ADV,FUNC
была,NOUN,unknown
былое,NOUN,unknown
былой,NOUN,ADJ
быстрее,ADJ,unknown
быстрее,NOUN,unknown
бэк,NOUN,unknown
бэк-офис,NOUN,unknown
бэтмена,VERB,NOUN
вагать,VERB,NOUN
вагина,NOUN,unknown
важнейший,ADJ,unknown
вай,NOUN,FUNC
ваковский,ADJ,unknown
валеро,NOUN,unknown
вани,VERB,NOUN
варять,VERB,NOUN
ватать,VERB,NOUN
ваша,NOUN,unknown
вашество,NOUN,unknown
вдв,NOUN,unknown
веб-дизайн,NOUN,unknown
веб-мастер,NOUN,unknown
ведать,NOUN,VERB
ведь,NOUN,FUNC
ведь,VERB,FUNC
веле,NOUN,ADV
велено,ADV,FUNC
велеть,NOUN,VERB
велит,NOUN,unknown
величайший,ADJ,unknown
веля,NOUN,unknown
верать,VERB,NOUN
вернее,ADJ,FUNC
верхом,NOUN,ADV
верять,VERB,NOUN
веселе,NOUN,ADV
весеть,VERB,NOUN
вест,VERB,NOUN
вет,NOUN,unknown
веть,VERB,unknown
вечерко,NOUN,unknown
вечером,NOUN,ADV
взять,NOUN,VERB
виа,NOUN,unknown
видать,NOUN,FUNC
видно,ADV,FUNC
видов,NOUN,unknown
визуал,NOUN,unknown
вий,ADJ,unknown
вий,NOUN,unknown
винка,NOUN,unknown
вип,NOUN,unknown
вип-зал,NOUN,unknown
вип-ложа,NOUN,unknown
виртуал,NOUN,unknown
високий,ADJ,NOUN
високо,ADV,NOUN
вито,ADV,unknown
вито,VERB,unknown
вия,NOUN,unknown
владислав,VERB,NOUN
вли,NOUN,unknown
влюбленный,NOUN,unknown
вместо,ADV,FUNC
вместо,NOUN,FUNC
внутренний,NOUN,ADJ
внутрь,NOUN,ADV
водила,NOUN,unknown
водить,NOUN,VERB
водь,NOUN,unknown
возить,NOUN,VERB
возлюбленный,NOUN,unknown
возможное,NOUN,unknown
войс,NOUN,unknown
волгу,ADV,unknown
волять,VERB,NOUN
вообразить,NOUN,VERB
воп,NOUN,unknown
воробьев,ADJ,NOUN
ворье,NOUN,unknown
восстановлять,VERB,unknown
вот,NOUN,FUNC
вошедший,NOUN,unknown
воя,NOUN,unknown
вперед,NOUN,ADV
впо,ADV,unknown
впо,NOUN,unknown
вправе,ADV,FUNC
вправе,NOUN,FUNC
впрочем,ADV,FUNC
впрочем,NOUN,FUNC
врать,NOUN,VERB
временем,VERB,unknown
временной,NOUN,ADJ
вроде,ADV,FUNC
вроде,NOUN,FUNC
всегда,NOUN,ADV
всемирно-исторический,ADJ,unknown
вскрытать,VERB,NOUN
всм,NOUN,unknown
встретя,NOUN,unknown
всяк,NOUN,ADJ
всякое,NOUN,PRON
второй,NOUN,ADJ
второй,VERB,ADJ
вуд,NOUN,unknown
вуду,NOUN,unknown
входить,NOUN,VERB
выкупий,ADJ,NOUN
высочайше,ADV,NOUN
высочайший,ADJ,unknown
высший,ADJ,unknown
вышень,NOUN,unknown
вэб,NOUN,unknown
вять,VERB,NOUN
вячеслав,VERB,NOUN
гав,NOUN,unknown
гаваний,ADJ,NOUN
газить,VERB,unknown
гамать,VERB,NOUN
ган,NOUN,unknown
гарать,VERB,NOUN
гарибальди,NOUN,unknown
гати,VERB,unknown
гей-брак,NOUN,unknown
гей-движение,NOUN,unknown
гей-клуб,NOUN,unknown
гей-культура,NOUN,unknown
гей-пара,NOUN,unknown
гей-сообщество,NOUN,unknown
гей-тусовка,NOUN,unknown
геймплей,VERB,NOUN
генерать,VERB,NOUN
генить,VERB,NOUN
георгий,ADJ,NOUN
гепатоз,NOUN,unknown
герать,VERB,NOUN
геть,VERB,FUNC
гис,NOUN,unknown
гко,ADV,unknown
главное,ADV,NOUN
гля,NOUN,unknown
гмо,ADV,unknown
гмо,NOUN,unknown
гнать,NOUN,VERB
гневать,VERB,unknown
гоа,NOUN,unknown
говоря,NOUN,unknown
говорять,VERB,NOUN
говядо,NOUN,unknown
голубой,NOUN,ADJ
гольф-поле,NOUN,unknown
гольфовый,ADJ,unknown
гонный,ADJ,unknown
горни,VERB,unknown
горно,ADV,unknown
горо,ADV,unknown
горо,NOUN,unknown
горы,NOUN,unknown
горячее,ADJ,NOUN
гостевой,NOUN,ADJ
готово,ADV,unknown
грабить,NOUN,VERB
градов,NOUN,unknown
грать,VERB,NOUN
грм,NOUN,unknown
гру,NOUN,unknown
группи,NOUN,unknown
гуми,NOUN,unknown
гур,NOUN,unknown
гёт,NOUN,unknown
давай,NOUN,unknown
даве,NOUN,unknown
даг,NOUN,unknown
дага,ADV,NOUN
дальный,ADJ,unknown
дамать,VERB,NOUN
дани,NOUN,unknown
дани,VERB,unknown
даний,ADJ,NOUN
даниять,VERB,NOUN
дань-тянь,NOUN,unknown
дань-тянь,VERB,unknown
даром,NOUN,ADV
дарьять,VERB,NOUN
дати,VERB,unknown
дать,NOUN,VERB
двд,NOUN,unknown
двига,NOUN,unknown
дво,NOUN,unknown
дворный,ADJ,unknown
двоять,VERB,NOUN
двс,NOUN,unknown
двухэтажка,NOUN,unknown
деви,NOUN,unknown
дей,NOUN,unknown
дейли,NOUN,unknown
действовать,NOUN,VERB
декстер,VERB,NOUN
делять,VERB,NOUN
демо,ADV,unknown
дерг,NOUN,FUNC
дерг,VERB,FUNC
державне,NOUN,ADV
дерьмово,ADV,unknown
дес,NOUN,unknown
деспотически,ADV,unknown
детекция,NOUN,unknown
детный,ADJ,unknown
деть,NOUN,VERB
деятельностный,ADJ,unknown
джа,NOUN,unknown
джеми,NOUN,unknown
джинс,NOUN,unknown
джины,NOUN,unknown
джоли,NOUN,unknown
джун,ADV,unknown
джун,NOUN,unknown
диви,VERB,unknown
дизайнить,VERB,NOUN
дий,ADJ,unknown
дий,NOUN,unknown
динамить,VERB,NOUN
динь,VERB,NOUN
диско-бар,NOUN,unknown
дистанцировать,VERB,unknown
дит,NOUN,unknown
диять,VERB,NOUN
дли,NOUN,unknown
дмитрий,ADJ,NOUN
доба,NOUN,unknown
добрее,NOUN,unknown
добровольно-принудительно,ADV,unknown
добровольно-принудительный,ADJ,unknown
доброе,NOUN,unknown
должен,ADJ,unknown
должно,ADV,FUNC
дома,NOUN,ADV
доменико,NOUN,unknown
допинг-тест,NOUN,unknown
дополна,NOUN,ADV
дорги,NOUN,unknown
дорнить,VERB,NOUN
дорогой,NOUN,ADJ
достигнуть,NOUN,VERB
достичь,VERB,unknown
доу,NOUN,unknown
драгий,ADJ,NOUN
драйверский,ADJ,unknown
драм,NOUN,unknown
драм-машина,NOUN,unknown
древле,ADV,NOUN
дресс-код,NOUN,unknown
другое,NOUN,unknown
дружний,ADJ,unknown
дурать,VERB,NOUN
дцп,ADJ,unknown
дцп,NOUN,unknown
дым-машина,NOUN,unknown
дыхать,VERB,unknown
ебать,VERB,unknown
ебнуть,VERB,unknown
ебучий,ADJ,NOUN
евгений,ADJ,NOUN
евра,NOUN,unknown
егоров,ADJ,NOUN
едять,VERB,NOUN
ездить,NOUN,VERB
ездять,VERB,NOUN
еси,NOUN,unknown
если,NOUN,FUNC
есть,NOUN,VERB
етс,NOUN,unknown
еще,NOUN,ADV
жаление,NOUN,unknown
желающий,NOUN,unknown
желтовато,ADV,unknown
жестоко,NOUN,ADV
живоять,VERB,NOUN
живять,VERB,NOUN
жигуль,NOUN,unknown
жить,NOUN,VERB
жок,NOUN,unknown
жуково,NOUN,unknown
забрать,NOUN,VERB
забыть,NOUN,VERB
заведующая,NOUN,unknown
заведующий,NOUN,unknown
завладев,NOUN,unknown
завладев,VERB,unknown
загарать,VERB,NOUN
загра,NOUN,unknown
заграть,VERB,NOUN
загруз,NOUN,unknown
задай,VERB,unknown
задержанный,NOUN,unknown
зади,ADV,NOUN
заключенный,NOUN,unknown
залогиниться,VERB,unknown
заманчиво,ADV,unknown
замерать,VERB,NOUN
заметь,VERB,unknown
заморозок,ADJ,NOUN
замётка,NOUN,unknown
зан,NOUN,unknown
зане,NOUN,FUNC
занявший,VERB,unknown
занять,NOUN,VERB
затык,NOUN,unknown
зацикливаться,VERB,unknown
звонить,NOUN,VERB
здраво,ADV,unknown
зел,NOUN,unknown
зеле,NOUN,ADV
зеленовато,ADV,unknown
зеленый,NOUN,ADJ
земледелка,NOUN,unknown
зери,VERB,unknown
зия,NOUN,unknown
зна,NOUN,unknown
знакомо,ADV,unknown
знать,ADV,VERB
зрить,VERB,unknown
зум,NOUN,unknown
зывать,VERB,unknown
зюгановский,ADJ,unknown
играть,NOUN,VERB
игровой,NOUN,ADJ
изберать,VERB,NOUN
избирать,NOUN,VERB
избрать,NOUN,VERB
известно,ADV,FUNC
излишне,ADV,unknown
излогать,VERB,NOUN
изобразить,NOUN,VERB
изучать,NOUN,VERB
изъять,NOUN,VERB
ик,NOUN,unknown
иль,NOUN,FUNC
имать,VERB,NOUN
именно,ADV,FUNC
иммунитетный,ADJ,unknown
имперство,NOUN,unknown
ина,NOUN,unknown
ингать,VERB,NOUN
инди,NOUN,unknown
инди-рок,NOUN,unknown
инженерно,ADV,unknown
ино,ADV,unknown
иногда,NOUN,ADV
интернет-адрес,NOUN,unknown
интернет-банк,NOUN,unknown
интернет-журнал,NOUN,unknown
интернет-журналистика,NOUN,unknown
интернет-карта,NOUN,unknown
интернет-маркетинг,NOUN,unknown
инфа,NOUN,unknown
инфо,NOUN,unknown
иский,ADJ,NOUN
иско,NOUN,unknown
искоренить,NOUN,VERB
искупий,ADJ,NOUN
искупнуться,VERB,unknown
исп,NOUN,ADJ
исполна,NOUN,ADV
исполнить,NOUN,VERB
исправительно,ADV,unknown
исправлять,NOUN,VERB
исслед,ADV,NOUN
исследоваться,VERB,unknown
истово,ADV,unknown
истребить,NOUN,VERB
исходить,NOUN,VERB
исходять,VERB,NOUN
ито,ADV,unknown
йога-терапия,NOUN,unknown
йога-центр,NOUN,unknown
кадрить,VERB,unknown
кадый,ADJ,NOUN
кажется,VERB,FUNC
каз,NOUN,unknown
казанова,NOUN,unknown
кайфовый,ADJ,unknown
кайять,VERB,NOUN
какой,NOUN,ADJ
кале,ADV,NOUN
каль,NOUN,unknown
кам,NOUN,unknown
камать,VERB,NOUN
камен,NOUN,unknown
каменой,ADJ,NOUN
камить,VERB,NOUN
камрать,VERB,NOUN
кана,VERB,unknown
канать,VERB,unknown
кантри-певец,NOUN,unknown
кантри-певица,NOUN,unknown
капелло,NOUN,unknown
капи,NOUN,unknown
капиталистически,NOUN,unknown
капиталить,VERB,unknown
капри,NOUN,unknown
капри,VERB,unknown
картать,VERB,NOUN
касть,VERB,unknown
кате,NOUN,unknown
като,ADV,NOUN
кать,VERB,unknown
кафе-бар,NOUN,unknown
кафе-клуб,NOUN,unknown
кафе-кондитерская,NOUN,unknown
кафе-столовая,NOUN,unknown
квадро,NOUN,unknown
квартать,VERB,NOUN
квест,VERB,NOUN
кейс-метод,NOUN,unknown
кер,NOUN,unknown
кермать,VERB,NOUN
кети,VERB,NOUN
кид,NOUN,unknown
киев,ADJ,NOUN
киевская,NOUN,unknown
киловаттный,ADJ,unknown
килять,VERB,NOUN
кими,VERB,unknown
кин,ADJ,unknown
кин,NOUN,unknown
кине,NOUN,unknown
кисеть,VERB,NOUN
китов,NOUN,unknown
кладывать,VERB,unknown
кланять,VERB,NOUN
класть,NOUN,VERB
клинить,VERB,NOUN
клио,NOUN,unknown
кличко,NOUN,unknown
клять,VERB,NOUN
клёвать,VERB,unknown
коганить,VERB,NOUN
когда,NOUN,FUNC
коди,VERB,unknown
кожевой,ADJ,NOUN
кок,ADV,NOUN
коко,ADV,NOUN
коктейль-бар,NOUN,unknown
колений,NOUN,ADJ
коликий,ADJ,NOUN
коллапсировать,VERB,unknown
коллекционка,NOUN,unknown
колький,ADJ,NOUN
комиссарить,VERB,unknown
коммерс,NOUN,unknown
коммуняга,NOUN,unknown
компани,VERB,NOUN
комплексовать,VERB,unknown
комплектующий,NOUN,unknown
комплектующий,VERB,unknown
конверсы,NOUN,unknown
кондукция,NOUN,unknown
конечно,ADV,FUNC
конк,NOUN,unknown
консерва,NOUN,unknown
константинов,ADJ,NOUN
конц,NOUN,unknown
концепт-арт,NOUN,unknown
координат,NOUN,unknown
коп,NOUN,unknown
кор,NOUN,unknown
кори,ADV,unknown
корнить,VERB,NOUN
коротить,VERB,unknown
коротнуть,VERB,unknown
косая,NOUN,unknown
косой,NOUN,ADJ
который,NOUN,ADJ
кошмарить,VERB,unknown
кпу,ADV,unknown
кпу,NOUN,unknown
красивее,ADJ,unknown
красноречиво,ADV,unknown
красько,NOUN,unknown
кратать,VERB,NOUN
кратчайший,ADJ,unknown
крать,VERB,NOUN
крень,NOUN,unknown
крепий,ADJ,NOUN
крестный,NOUN,ADJ
кресть,NOUN,VERB
кри,NOUN,unknown
крива,NOUN,unknown
криво,ADV,unknown
кровавий,ADJ,NOUN
кровя,NOUN,unknown
кроме,ADV,FUNC
кроме,NOUN,FUNC
кропий,ADJ,NOUN
кросс-кантри,NOUN,unknown
кроссвордный,ADJ,unknown
кроу,NOUN,unknown
кру,ADV,unknown
кру,NOUN,unknown
крупнейший,ADJ,unknown
крюковский,ADJ,unknown
кул,NOUN,unknown
кула,NOUN,unknown
кули,ADV,NOUN
куньять,VERB,NOUN
купаты,NOUN,unknown
купнуться,VERB,unknown
кур,NOUN,unknown
курет,NOUN,unknown
курий,NOUN,ADJ
куры,NOUN,unknown
курый,ADJ,unknown
куть,VERB,unknown
кухонка,NOUN,unknown
лагать,VERB,NOUN
ладе,NOUN,unknown
ладислав,VERB,NOUN
лайт-версия,NOUN,unknown
лана,VERB,NOUN
ланить,VERB,NOUN
ланч,NOUN,unknown
латино,NOUN,unknown
латте,NOUN,unknown
латы,NOUN,unknown
лау,NOUN,unknown
леви,NOUN,unknown
лево,NOUN,unknown
легать,VERB,NOUN
легизм,NOUN,unknown
лекс,NOUN,unknown
лексус,NOUN,unknown
лем,NOUN,unknown
лена,VERB,NOUN
ленд-арт,NOUN,unknown
лене,NOUN,unknown
ленина,NOUN,unknown
ленить,VERB,NOUN
лень,ADV,NOUN
лесби,NOUN,unknown
летом,NOUN,ADV
летять,VERB,NOUN
лец,NOUN,unknown
леч,ADJ,unknown
леч,NOUN,unknown
лжа,NOUN,unknown
либеро,NOUN,unknown
лидарный,ADJ,unknown
листнуть,VERB,unknown
лит,NOUN,ADJ
лич,ADJ,unknown
лич,NOUN,unknown
личить,VERB,unknown
логан,NOUN,unknown
лок,NOUN,unknown
локаль,NOUN,unknown
локи,NOUN,unknown
ломбарди,NOUN,unknown
лон,NOUN,unknown
лонг,NOUN,unknown
лоу,NOUN,unknown
лоять,VERB,NOUN
лужковский,ADJ,unknown
лучий,ADJ,NOUN
лучше,ADV,FUNC
лучший,ADJ,unknown
ль,NOUN,FUNC
льять,VERB,NOUN
любить,NOUN,VERB
любо,ADV,FUNC
любой,NOUN,ADJ
любопытный,ADV,ADJ
любый,ADJ,unknown
люксовый,ADJ,unknown
лють,VERB,unknown
ляни,NOUN,unknown
ляни,VERB,unknown
маа,NOUN,unknown
магази,VERB,NOUN
магнитно,ADV,unknown
майнить,VERB,NOUN
мака,NOUN,unknown
макети,VERB,NOUN
максим,ADV,NOUN
малой,NOUN,unknown
мальчиш,NOUN,unknown
мамать,VERB,NOUN
мамить,VERB,NOUN
мамонтов,ADJ,NOUN
мани,VERB,NOUN
марин,ADJ,NOUN
маркироваться,VERB,unknown
марково,NOUN,unknown
марсеть,VERB,NOUN
мартать,VERB,NOUN
мартен,ADJ,NOUN
мас,NOUN,unknown
матать,VERB,NOUN
матерь,VERB,unknown
мау,NOUN,unknown
мач,NOUN,unknown
мачо,NOUN,unknown
машин,ADJ,NOUN
медведево,NOUN,unknown
медление,NOUN,unknown
медно,ADV,unknown
международка,NOUN,unknown
мейк,NOUN,unknown
менивать,VERB,unknown
мень,NOUN,unknown
меньше,ADV,unknown
меньший,ADJ,unknown
мерать,VERB,NOUN
мери,VERB,NOUN
меривать,VERB,unknown
мерять,VERB,unknown
меряться,VERB,unknown
меский,ADJ,NOUN
месси,NOUN,unknown
местой,ADJ,NOUN
мета-уровне,NOUN,ADV
мети,NOUN,unknown
мети,VERB,unknown
мечто,NOUN,ADV
мико,NOUN,unknown
микро-уровне,NOUN,ADV
милоть,VERB,unknown
минет,NOUN,unknown
мини-отеле,NOUN,ADV
мини-футболе,NOUN,ADV
миниатюрний,ADJ,NOUN
минимал,NOUN,unknown
минусить,VERB,unknown
мира,NOUN,unknown
мирать,VERB,NOUN
мировая,NOUN,unknown
мис,NOUN,unknown
мист,NOUN,unknown
мистери,VERB,NOUN
митять,VERB,NOUN
мкр,ADJ,unknown
мкр,NOUN,unknown
многа,NOUN,unknown
многать,VERB,NOUN
многое,NOUN,PRON
мну,NOUN,unknown
мог,NOUN,unknown
мога,NOUN,unknown
модерный,ADJ,unknown
модий,ADJ,unknown
может,VERB,FUNC
можно,ADV,FUNC
моисеев,ADJ,NOUN
молодой,NOUN,ADJ
молочно,ADV,unknown
монтать,VERB,NOUN
монти,NOUN,unknown
морально-психологический,ADJ,unknown
морено,ADV,unknown
мори,NOUN,unknown
мори,VERB,unknown
моро,ADV,unknown
мот,ADV,NOUN
мотреть,VERB,NOUN
мск,NOUN,unknown
мудра,NOUN,unknown
мурать,VERB,NOUN
мурти,VERB,unknown
мусь,NOUN,unknown
мусье,NOUN,unknown
мучать,VERB,unknown
мучаться,VERB,unknown
мучий,ADJ,NOUN
мыслимать,VERB,NOUN
мыслить,NOUN,VERB
мэй,NOUN,unknown
над,NOUN,FUNC
нади,ADV,unknown
нади,VERB,unknown
надо,ADV,FUNC
надо,NOUN,FUNC
надобно,ADV,FUNC
наз,NOUN,unknown
назначеть,VERB,NOUN
наибольший,ADJ,unknown
наивысший,ADJ,unknown
наилучший,ADJ,unknown
наименьший,ADJ,unknown
нак,NOUN,unknown
наклеть,VERB,NOUN
накрать,VERB,NOUN
нал,NOUN,unknown
нанить,VERB,NOUN
нао,ADV,unknown
нао,NOUN,unknown
наподобие,NOUN,FUNC
направив,VERB,unknown
например,ADV,FUNC
например,NOUN,FUNC
напряг,NOUN,unknown
народовой,NOUN,ADJ
наскоре,ADV,unknown
наследовать,NOUN,VERB
насрать,VERB,NOUN
нат,NOUN,unknown
научить,NOUN,VERB
нах,NOUN,unknown
нахуй,NOUN,ADV
национал-большевик,NOUN,unknown
национал-патриот,NOUN,unknown
национал-патриотизм,NOUN,unknown
национал-патриотический,ADJ,unknown
национал-радикал,NOUN,unknown
национал-сепаратизм,NOUN,unknown
национал-экстремизм,NOUN,unknown
начать,NOUN,VERB
невозможное,NOUN,unknown
невыносимо,ADV,unknown
неграть,VERB,NOUN
недоверять,VERB,NOUN
незапно,ADV,unknown
неизвестное,NOUN,unknown
неистово,ADV,unknown
некуда,ADV,FUNC
некуда,NOUN,FUNC
нелепий,ADJ,NOUN
нельзя,ADV,FUNC
необитаемать,VERB,NOUN
необходимо,ADV,FUNC
необходимое,NOUN,unknown
непонятать,VERB,NOUN
несмотря,ADV,FUNC
несмотря,NOUN,FUNC
несправедливо,ADV,unknown
нет,ADV,FUNC
нет,NOUN,FUNC
нету,ADV,FUNC
неть,VERB,unknown
неужели,ADV,FUNC
нефтать,VERB,NOUN
нефтехим,NOUN,unknown
нецелесообразно,ADV,unknown
ники,NOUN,unknown
нико,NOUN,unknown
николи,NOUN,unknown
никуда,NOUN,ADV
ним,NOUN,unknown
нимать,VERB,NOUN
нифига,ADV,NOUN
ница,NOUN,unknown
ништяк,NOUN,unknown
ния,NOUN,unknown
нко,ADV,unknown
нко,NOUN,unknown
новейший,ADJ,unknown
новиковский,ADJ,unknown
новини,VERB,NOUN
новорожденный,NOUN,ADJ
новский,ADJ,NOUN
новье,NOUN,unknown
новьё,NOUN,unknown
нод,NOUN,unknown
нормать,VERB,NOUN
ноу,NOUN,unknown
нра,NOUN,unknown
нужно,ADV,FUNC
нури,VERB,unknown
нять,VERB,NOUN
обладать,NOUN,VERB
обло,NOUN,unknown
обнять,NOUN,VERB
обосраться,VERB,unknown
обостреть,VERB,NOUN
обще,ADV,unknown
общее,NOUN,unknown
общественой,ADJ,NOUN
общинка,NOUN,unknown
ога,NOUN,unknown
оги,NOUN,unknown
ожиданно,ADV,NOUN
ожидать,NOUN,VERB
озу,ADV,NOUN
окей,ADV,FUNC
окей,NOUN,FUNC
окна,NOUN,unknown
окр,ADJ,unknown
окр,NOUN,unknown
окс,NOUN,unknown
окт,NOUN,unknown
окунить,VERB,NOUN
олли,NOUN,unknown
он,NOUN,PRON
они,ADV,PRON
они,NOUN,PRON
онлайн-база,NOUN,unknown
онлайн-формат,NOUN,unknown
онь,NOUN,unknown
опек,VERB,NOUN
опер,NOUN,unknown
опк,NOUN,unknown
оправданно,ADV,unknown
опс,NOUN,unknown
оптимать,VERB,NOUN
орать,NOUN,VERB
орбитать,VERB,NOUN
орг,NOUN,unknown
осенне,ADV,unknown
осетить,VERB,unknown
оставлять,NOUN,VERB
остановлять,VERB,unknown
осужденный,NOUN,unknown
отберать,VERB,NOUN
отврат,NOUN,unknown
отвратиться,VERB,unknown
отдать,NOUN,VERB
отечествие,NOUN,unknown
открыть,NOUN,VERB
откуда,NOUN,ADV
отпуст,NOUN,unknown
отр,NOUN,unknown
отречь,VERB,NOUN
отт,NOUN,unknown
оун,ADV,unknown
оун,NOUN,unknown
офигение,NOUN,unknown
офигеть,NOUN,unknown
офигеть,VERB,unknown
офлайн,ADJ,ADV
оформливать,VERB,unknown
охренеть,VERB,unknown
оценять,VERB,NOUN
павлов,ADJ,NOUN
паки,NOUN,ADV
палестин,NOUN,unknown
палий,ADJ,unknown
пам,NOUN,FUNC
памить,VERB,NOUN
панк-музыка,NOUN,unknown
панк-музыкант,NOUN,unknown
пао,ADV,unknown
пао,NOUN,unknown
паради,VERB,NOUN
парать,VERB,NOUN
пары,NOUN,unknown
пвх,ADJ,unknown
пвх,NOUN,unknown
певой,ADJ,NOUN
пед,NOUN,unknown
педи,VERB,unknown
пежо,ADV,unknown
пежо,NOUN,unknown
пейдж,NOUN,unknown
пейджерный,ADJ,unknown
первичка,NOUN,unknown
передо,NOUN,unknown
перить,VERB,unknown
перой,ADJ,NOUN
песий,NOUN,ADJ
пети,VERB,unknown
петри,NOUN,unknown
пешки,ADV,unknown
пиар-технолог,NOUN,unknown
пиар-технология,NOUN,unknown
пиздануть,VERB,unknown
пико,NOUN,unknown
пиль,NOUN,FUNC
пин-код,NOUN,unknown
пирать,VERB,NOUN
писка,NOUN,unknown
писнуть,VERB,unknown
письма,NOUN,unknown
пися,NOUN,unknown
пица,NOUN,unknown
плагиатить,VERB,unknown
план-график,NOUN,unknown
платонов,ADJ,NOUN
платять,VERB,NOUN
плотников,ADJ,NOUN
плохое,NOUN,unknown
площадный,ADJ,unknown
победить,NOUN,VERB
побить,NOUN,VERB
поведать,NOUN,VERB
поведь,NOUN,unknown
поверенный,NOUN,unknown
повернуть,NOUN,VERB
повторять,NOUN,VERB
погибнуть,NOUN,VERB
пограничье,NOUN,unknown
погубить,NOUN,VERB
погулять,NOUN,VERB
подвизать,VERB,unknown
подданный,NOUN,unknown
поджопник,NOUN,unknown
поди,ADV,FUNC
поднять,NOUN,VERB
подозреваемый,NOUN,unknown
подчеркнуто,ADV,unknown
подчиненный,NOUN,ADJ
пожаловать,NOUN,VERB
познать,NOUN,VERB
пой,NOUN,unknown
пойматься,VERB,unknown
пока,NOUN,ADV
покор,NOUN,unknown
пократь,VERB,NOUN
покрыть,NOUN,VERB
пол-литровый,ADJ,unknown
пол-ложки,NOUN,unknown
полагать,NOUN,VERB
ползя,NOUN,unknown
поли,NOUN,unknown
политико-эконом,NOUN,unknown
полития,NOUN,unknown
полить,NOUN,VERB
полл,NOUN,unknown
полли,NOUN,unknown
полна,NOUN,unknown
полнять,VERB,NOUN
положено,ADV,unknown
положим,ADV,FUNC
положить,NOUN,VERB
полом,ADV,NOUN
полский,ADJ,NOUN
получить,NOUN,VERB
поль,ADV,NOUN
пом,NOUN,unknown
помагать,VERB,NOUN
помнять,VERB,NOUN
пон,NOUN,unknown
понить,VERB,NOUN
понять,NOUN,VERB
поп-артист,NOUN,unknown
поп-дива,NOUN,unknown
поп-исполнение,NOUN,unknown
поп-исполнитель,NOUN,unknown
поп-исполнительница,NOUN,unknown
поп-королева,NOUN,unknown
поп-музыкант,NOUN,unknown
поп-певец,NOUN,unknown
попий,ADJ,NOUN
порой,ADJ,ADV
порой,NOUN,ADV
порошка,NOUN,unknown
поря,NOUN,unknown
посадить,NOUN,VERB
посадять,VERB,NOUN
посещять,VERB,NOUN
после,NOUN,FUNC
послужить,NOUN,VERB
посмотрев,VERB,unknown
посполитой,NOUN,ADJ
посполитой,VERB,ADJ
постав,VERB,NOUN
поставлять,NOUN,VERB
пострадавший,NOUN,unknown
пострадать,NOUN,VERB
потерять,NOUN,VERB
потряс,NOUN,unknown
пофиг,ADV,NOUN
пофигу,NOUN,unknown
похвалить,NOUN,VERB
похуже,ADV,unknown
похуй,ADV,NOUN
похуй,VERB,NOUN
почать,NOUN,VERB
почтать,VERB,NOUN
поэз,NOUN,unknown
пояснить,NOUN,VERB
поять,VERB,NOUN
правдиво,ADV,unknown
правив,VERB,unknown
правильно,NOUN,ADV
правлять,VERB,NOUN
православно,ADV,unknown
праздновать,NOUN,VERB
прайм,NOUN,unknown
праймовый,ADJ,unknown
прайсовый,ADJ,unknown
пре,NOUN,unknown
пред,NOUN,FUNC
пределять,VERB,NOUN
предложить,NOUN,VERB
предпринить,VERB,NOUN
предсказуемо,ADV,unknown
представять,VERB,NOUN
предстать,NOUN,VERB
предстоять,NOUN,VERB
презентизм,NOUN,unknown
премиум,NOUN,unknown
премиум-марка,NOUN,unknown
преодоле,NOUN,ADV
пресмыкающееся,NOUN,unknown
пресмыкающееся,VERB,unknown
пресс-ланч,NOUN,unknown
преуспев,NOUN,unknown
приближить,VERB,unknown
приближиться,VERB,unknown
приват,NOUN,unknown
приводить,NOUN,VERB
придти,VERB,unknown
приемлемо,ADV,unknown
признать,NOUN,VERB
приложить,NOUN,VERB
принт,NOUN,unknown
принято,ADV,unknown
принято,VERB,unknown
принять,NOUN,VERB
природно,ADV,unknown
приходить,NOUN,VERB
причем,ADV,FUNC
причем,NOUN,FUNC
причем,VERB,FUNC
прово,NOUN,unknown
проводить,NOUN,VERB
продакшен,NOUN,unknown
продакшн,NOUN,unknown
происходящее,NOUN,unknown
происходящее,VERB,unknown
проклять,VERB,NOUN
прокси,NOUN,unknown
прост,NOUN,unknown
простейший,ADJ,unknown
прости,NOUN,unknown
проститут,NOUN,unknown
простое,NOUN,unknown
простой,ADV,ADJ
простреть,VERB,NOUN
прот,ADV,NOUN
противляться,VERB,unknown
протий,ADJ,unknown
проходить,NOUN,VERB
прочее,ADJ,PRON
прочее,NOUN,PRON
прочитав,VERB,unknown
проще,NOUN,unknown
прп,ADV,unknown
прп,NOUN,unknown
псеть,VERB,NOUN
пси,NOUN,unknown
пск,NOUN,unknown
псковской,NOUN,ADJ
пусек,VERB,NOUN
пут,NOUN,unknown
путин,ADJ,NOUN
путно,ADV,unknown
пушкина,NOUN,unknown
пыт,NOUN,unknown
пье,NOUN,unknown
пэт,NOUN,unknown
пятая,NOUN,unknown
пятить,VERB,unknown
рабби,NOUN,unknown
рабин,NOUN,unknown
рабинович,NOUN,unknown
рабочая,NOUN,unknown
равви,NOUN,unknown
равне,NOUN,ADV
ради,VERB,FUNC
радый,ADJ,NOUN
разве,ADV,FUNC
разделить,NOUN,VERB
разломный,ADJ,unknown
разом,NOUN,ADV
разу,ADV,unknown
разумеется,VERB,FUNC
районо,NOUN,unknown
рамить,VERB,NOUN
раньше,ADV,unknown
расеть,VERB,NOUN
распяться,VERB,unknown
рассел,NOUN,unknown
растаможить,VERB,unknown
ратать,VERB,NOUN
рах,NOUN,unknown
раш,NOUN,unknown
рег,NOUN,unknown
регаться,VERB,unknown
редить,VERB,unknown
реже,ADV,unknown
результать,VERB,NOUN
рентген-аппарат,NOUN,unknown
реформать,VERB,NOUN
рец,NOUN,unknown
рецензироваться,VERB,unknown
реч,NOUN,unknown
реш,NOUN,unknown
решала,NOUN,unknown
рио,NOUN,unknown
рип,NOUN,unknown
ритм-гитарист,NOUN,unknown
ритмовый,ADJ,unknown
рич,ADJ,unknown
рич,NOUN,unknown
рический,ADJ,NOUN
ричи,VERB,unknown
ркп,ADJ,unknown
ркп,NOUN,unknown
роа,NOUN,unknown
ровка,NOUN,unknown
ровский,ADJ,NOUN
родин,NOUN,unknown
родить,NOUN,VERB
родом,ADV,unknown
родский,ADJ,NOUN
розь,ADV,unknown
рок-журнал,NOUN,unknown
рок-журналист,NOUN,unknown
рок-певец,NOUN,unknown
рок-певица,NOUN,unknown
рокий,ADJ,NOUN
ролевой,NOUN,ADJ
роли,NOUN,unknown
романов,ADJ,NOUN
ронить,VERB,NOUN
ростить,VERB,unknown
ротать,VERB,NOUN
роять,VERB,NOUN
рубин,ADJ,NOUN
рубить,NOUN,VERB
рум,NOUN,unknown
рус,NOUN,ADJ
русская,NOUN,unknown
рушать,VERB,unknown
рыв,NOUN,unknown
рэнд,NOUN,unknown
рэп-музыка,NOUN,unknown
рэп-музыкант,NOUN,unknown
рэперский,ADJ,unknown
рядом,NOUN,ADV
ряжение,NOUN,unknown
сагать,VERB,NOUN
сада,NOUN,unknown
садо,NOUN,unknown
сай,NOUN,unknown
салам,NOUN,unknown
салам,VERB,unknown
салат-бар,NOUN,unknown
самать,VERB,NOUN
санатория,NOUN,unknown
сане,NOUN,unknown
сао,NOUN,unknown
сас,NOUN,unknown
сау,NOUN,unknown
сафари-парк,NOUN,unknown
сахо,NOUN,unknown
сбу,NOUN,unknown
сверк,NOUN,unknown
свернить,VERB,NOUN
свидь,VERB,unknown
свин,NOUN,unknown
сво,ADV,unknown
свободить,VERB,unknown
свободь,NOUN,unknown
связной,NOUN,ADJ
связной,VERB,ADJ
святейший,ADJ,unknown
свято,ADV,unknown
свять,VERB,NOUN
священница,NOUN,unknown
сговорный,ADJ,unknown
севать,VERB,unknown
северо-кавказский,ADJ,unknown
седой,NOUN,ADJ
сека,NOUN,unknown
секс-игрушка,NOUN,unknown
секс-машина,NOUN,unknown
секс-работник,NOUN,unknown
секс-работница,NOUN,unknown
секс-рабыня,NOUN,unknown
секс-тур,NOUN,unknown
секс-турист,NOUN,unknown
селена,VERB,NOUN
селы,NOUN,unknown
семисотный,ADJ,unknown
семью,NOUN,ADV
серать,VERB,NOUN
серго,NOUN,unknown
сесть,NOUN,VERB
сето,NOUN,unknown
сетоский,ADJ,NOUN
сечень,NOUN,unknown
сеять,NOUN,VERB
сибир,NOUN,unknown
сиде,NOUN,unknown
сидять,VERB,NOUN
сий,ADJ,unknown
сий,NOUN,unknown
силой,NOUN,ADV
сильнейший,ADJ,unknown
сим-карта,NOUN,unknown
символично,ADV,unknown
син,NOUN,unknown
сине,ADV,unknown
сине,NOUN,unknown
синема,NOUN,unknown
синтез-газ,NOUN,unknown
сир,NOUN,unknown
сить,VERB,unknown
скажем,ADV,FUNC
скажем,VERB,FUNC
скайп,NOUN,unknown
скать,VERB,unknown
скачки,NOUN,unknown
скв,NOUN,unknown
ски-тур,NOUN,unknown
ский,ADJ,NOUN
ско,ADV,unknown
ско,NOUN,unknown
скорая,NOUN,unknown
скорее,ADJ,FUNC
скорее,ADV,FUNC
скорее,NOUN,FUNC
скорей,ADV,unknown
скр,NOUN,unknown
скрыто,ADV,unknown
слайдовый,ADJ,unknown
следовательно,ADV,FUNC
словно,ADV,FUNC
словом,ADV,FUNC
слонить,VERB,NOUN
слот-машина,NOUN,unknown
служить,NOUN,VERB
смарт,VERB,NOUN
смартфонный,ADJ,unknown
сматреть,VERB,NOUN
смерчий,ADJ,NOUN
смолов,NOUN,unknown
смотреть,NOUN,VERB
смотрять,VERB,NOUN
снбо,NOUN,unknown
снова,NOUN,ADV
сноуборд-парк,NOUN,unknown
снять,NOUN,VERB
соблюдать,NOUN,VERB
собрани,VERB,NOUN
собрать,NOUN,VERB
собственно,ADV,FUNC
совершить,NOUN,VERB
советный,ADJ,unknown
создать,NOUN,VERB
соколовать,VERB,NOUN
сокрыть,NOUN,VERB
сол,NOUN,unknown
солда,NOUN,unknown
соло-гитара,NOUN,unknown
соло-гитарист,NOUN,unknown
сомать,VERB,NOUN
сопровождающий,NOUN,unknown
сос,ADV,unknown
сос,NOUN,unknown
сот,NOUN,unknown
сота,NOUN,unknown
сото,NOUN,unknown
соть,VERB,unknown
сохраний,ADJ,NOUN
сохранить,NOUN,VERB
сохранять,NOUN,VERB
соц-арт,NOUN,unknown
социал-фашизм,NOUN,unknown
социал-фашист,NOUN,unknown
сош,NOUN,unknown
спа,NOUN,unknown
спа-отель,NOUN,unknown
спам-фильтр,NOUN,unknown
спамить,VERB,NOUN
спикерский,ADJ,unknown
спойлерить,VERB,unknown
спойлерный,ADJ,unknown
спонсировать,VERB,unknown
спонсироваться,VERB,unknown
способно,ADV,unknown
справо,ADV,NOUN
спрей,VERB,NOUN
срать,VERB,NOUN
среди,ADV,FUNC
среди,NOUN,FUNC
среди,VERB,FUNC
среднее,ADJ,NOUN
сро,ADV,unknown
сро,NOUN,unknown
ставлять,VERB,NOUN
ставять,VERB,NOUN
сталин,ADJ,NOUN
становать,VERB,unknown
старейший,ADJ,unknown
старий,ADJ,NOUN
старший,ADV,NOUN
стб,NOUN,unknown
столький,ADJ,NOUN
стоп,ADJ,FUNC
стоп-слово,NOUN,unknown
стороной,ADJ,ADV
стоя,NOUN,ADV
стоять,NOUN,VERB
страдать,NOUN,VERB
страна-победитель,NOUN,unknown
страна-победительница,NOUN,unknown
стреливать,VERB,unknown
стрелять,NOUN,VERB
стресс-тест,NOUN,unknown
стреть,VERB,NOUN
стрип-бар,NOUN,unknown
стрип-пластика,NOUN,unknown
стриптиз-бар,NOUN,unknown
строить,NOUN,VERB
студенец,NOUN,unknown
ступий,ADJ,NOUN
субару,VERB,NOUN
суда,NOUN,unknown
судить,NOUN,VERB
сум,NOUN,unknown
сумать,VERB,NOUN
сумской,NOUN,ADJ
сун,NOUN,unknown
супергерой,VERB,NOUN
сури,NOUN,unknown
суши-бар,NOUN,unknown
сынов,NOUN,ADJ
сыновий,ADJ,unknown
сью,NOUN,unknown
сюда,NOUN,ADV
табуировать,VERB,unknown
тавлять,VERB,NOUN
тадж,NOUN,unknown
тази,VERB,NOUN
тайванить,VERB,NOUN
тайм-менеджер,NOUN,unknown
такой,NOUN,ADJ
таксим,ADV,NOUN
там-там,NOUN,unknown
тана,VERB,NOUN
танца,NOUN,unknown
тао,NOUN,unknown
тап,NOUN,unknown
тас,NOUN,unknown
тату,NOUN,unknown
тату-мастер,NOUN,unknown
таун,NOUN,unknown
тви,NOUN,unknown
твиттерный,ADJ,unknown
творять,VERB,NOUN
телевизия,NOUN,unknown
темная,NOUN,unknown
темпа,NOUN,unknown
терать,VERB,NOUN
тернер,NOUN,unknown
тестить,VERB,unknown
тизерный,ADJ,unknown
тирский,ADJ,NOUN
тиффани,VERB,NOUN
тиха,NOUN,unknown
тихий,NOUN,ADJ
тишка,NOUN,unknown
тия,NOUN,unknown
това,NOUN,unknown
тогда,NOUN,ADV
тоже,ADV,FUNC
токо,ADV,NOUN
тонить,VERB,NOUN
топий,ADJ,NOUN
торго,NOUN,unknown
торговать,NOUN,VERB
торнадый,ADJ,NOUN
тору,NOUN,unknown
тотать,VERB,NOUN
тото,NOUN,unknown
тоф,NOUN,unknown
тоять,VERB,NOUN
тпу,ADV,unknown
трансовый,ADJ,unknown
трах,ADV,FUNC
трах,NOUN,FUNC
требовать,NOUN,VERB
тренировочка,NOUN,unknown
трип-хоп,ADV,unknown
трип-хоп,NOUN,unknown
трк,NOUN,unknown
тро,NOUN,unknown
трой,VERB,NOUN
троллей,VERB,NOUN
троя,NOUN,unknown
труди,VERB,unknown
трудничество,NOUN,unknown
трусов,ADJ,NOUN
трэш,NOUN,unknown
тупи,NOUN,unknown
тупий,ADJ,NOUN
тури,NOUN,unknown
турья,NOUN,unknown
тхэквондо,NOUN,unknown
тюб,NOUN,unknown
тян,NOUN,unknown
тёсть,VERB,unknown
убить,NOUN,VERB
уворот,ADV,NOUN
увы,ADV,FUNC
угодить,NOUN,VERB
угодно,ADV,FUNC
угождать,NOUN,VERB
удаленно,ADV,unknown
уди,NOUN,unknown
удой,ADJ,NOUN
узаконять,VERB,unknown
уик,NOUN,unknown
улыбнуть,VERB,unknown
умать,VERB,NOUN
умерать,VERB,NOUN
умирать,NOUN,VERB
уни,NOUN,unknown
унитазный,ADJ,unknown
употреблять,NOUN,VERB
управлять,NOUN,VERB
управляющий,NOUN,unknown
упс,NOUN,unknown
упц,ADJ,unknown
упц,NOUN,unknown
уравне,NOUN,ADV
уро,ADV,unknown
уро,NOUN,unknown
уря,NOUN,unknown
усвоять,VERB,NOUN
условно-досрочно,ADV,unknown
установлять,VERB,unknown
устно,NOUN,ADV
устраний,ADJ,NOUN
устроить,NOUN,VERB
устроять,VERB,NOUN
усь,NOUN,unknown
утвердить,NOUN,VERB
утешить,NOUN,VERB
ути,NOUN,unknown
утин,NOUN,unknown
утренний,NOUN,ADJ
утреть,VERB,NOUN
утром,NOUN,ADV
уть,VERB,unknown
уча,NOUN,unknown
учать,VERB,unknown
учить,NOUN,VERB
фаберже,ADV,unknown
фаберже,NOUN,unknown
фамить,VERB,NOUN
фан,NOUN,unknown
фан-арт,NOUN,unknown
фанковый,ADJ,unknown
фашиский,ADJ,NOUN
фаять,VERB,NOUN
федерать,VERB,NOUN
федоров,ADJ,NOUN
фиг,ADV,FUNC
фигеть,VERB,unknown
физо,NOUN,unknown
фий,NOUN,unknown
фильтр-пакет,NOUN,unknown
фин,NOUN,ADJ
финализм,NOUN,unknown
финнский,ADJ,NOUN
фирташа,VERB,NOUN
фитнес-зал,NOUN,unknown
фиш,NOUN,unknown
флаговый,ADJ,unknown
флеш,NOUN,unknown
флеш-технология,NOUN,unknown
фокс,NOUN,unknown
фолк,NOUN,unknown
фолк-музыка,NOUN,unknown
фолк-музыкант,NOUN,unknown
формать,VERB,NOUN
форте,ADV,ADJ
форте,NOUN,ADJ
фос,NOUN,unknown
фотаться,VERB,unknown
фрай,VERB,NOUN
фрая,ADV,NOUN
фсо,NOUN,unknown
фэн,NOUN,unknown
хави,VERB,unknown
хаки,NOUN,ADJ
халк,NOUN,unknown
халять,VERB,NOUN
хаммер,NOUN,unknown
хаммер,VERB,unknown
хана,ADV,NOUN
хао,NOUN,unknown
харам,NOUN,unknown
харди,NOUN,unknown
хардкор,NOUN,unknown
хах,ADV,unknown
хах,NOUN,unknown
хвалить,NOUN,VERB
хватывать,VERB,unknown
хвотать,VERB,NOUN
херь,NOUN,unknown
херь,VERB,unknown
хет,NOUN,unknown
хех,NOUN,FUNC
хим,NOUN,unknown
химка,NOUN,unknown
хип,NOUN,unknown
хиро,NOUN,unknown
ходить,NOUN,VERB
ходиться,VERB,unknown
холодная,NOUN,unknown
хоп,ADV,FUNC
хоп,NOUN,FUNC
хором,NOUN,ADV
хорош,NOUN,unknown
хорошее,ADJ,unknown
хорошее,NOUN,unknown
хорошее,VERB,unknown
хот-род,NOUN,unknown
хоть,VERB,FUNC
хотя,ADV,FUNC
хотя,NOUN,FUNC
хоу,NOUN,unknown
хранить,NOUN,VERB
хреново,ADV,unknown
хреново,NOUN,unknown
христиан,NOUN,unknown
хромой,NOUN,ADJ
хронить,VERB,NOUN
худшее,NOUN,unknown
худший,ADJ,unknown
хуже,ADV,unknown
хули,ADV,unknown
хуля,NOUN,unknown
хун,NOUN,unknown
хэллоуин,NOUN,unknown
царев,NOUN,ADJ
царев,VERB,ADJ
царий,ADJ,NOUN
царствовать,NOUN,VERB
цветать,VERB,NOUN
цветя,NOUN,unknown
целе,NOUN,ADV
целиковый,ADJ,unknown
целовать,NOUN,VERB
ценно,ADV,unknown
ценять,VERB,NOUN
циклировать,VERB,unknown
чары,NOUN,unknown
чатать,VERB,NOUN
чать,NOUN,unknown
чать,VERB,unknown
человеческое,NOUN,unknown
через,NOUN,FUNC
через,VERB,FUNC
черри,NOUN,unknown
честолюб,NOUN,ADJ
четать,VERB,NOUN
чжи,NOUN,unknown
чжоу,NOUN,unknown
чжу,NOUN,unknown
чиповать,VERB,unknown
чиповый,ADJ,unknown
чипса,NOUN,unknown
чит,NOUN,unknown
чит-код,NOUN,unknown
чито,ADV,unknown
чрезвычайка,NOUN,unknown
чтать,VERB,NOUN
чувства,NOUN,unknown
чути,VERB,unknown
чуть,NOUN,ADV
чёртовый,ADJ,unknown
чёто,NOUN,unknown
чёто,VERB,unknown
чёть,VERB,unknown
шарать,VERB,NOUN
шейн,NOUN,unknown
шелестить,VERB,unknown
шер,NOUN,unknown
шивать,VERB,unknown
шинить,VERB,NOUN
шир,NOUN,unknown
ширяться,VERB,unknown
шоль,NOUN,unknown
шот,NOUN,unknown
шрек,NOUN,unknown
штать,VERB,NOUN
шутер,NOUN,unknown
ый,ADJ,unknown
эва,NOUN,FUNC
эдо,NOUN,unknown
эко-отеле,NOUN,ADV
экранизовать,VERB,unknown
экс-возлюбленный,NOUN,unknown
экстремать,VERB,NOUN
экстрим-парк,NOUN,unknown
экшн,NOUN,unknown
эла,NOUN,unknown
электро,NOUN,unknown
эми,NOUN,unknown
эмирать,VERB,NOUN
эмирский,ADJ,NOUN
энд,NOUN,unknown
эрать,VERB,NOUN
эстер,VERB,NOUN
эт,NOUN,unknown
юго,ADV,unknown
юго,NOUN,unknown
юзить,VERB,unknown
юки,NOUN,unknown
юко,ADV,unknown
юко,NOUN,unknown
юлиять,VERB,NOUN
юрать,VERB,NOUN
яволь,NOUN,unknown
ядь,NOUN,unknown
яко,ADV,FUNC
ямать,VERB,NOUN
янао,NOUN,unknown
янить,VERB,NOUN
яп,NOUN,ADJ
яснить,VERB,NOUN
ясти,VERB,unknown
ёба,NOUN,unknown
