source,lemma,pos,level
kelly,а,FUNC,A1
kelly,без,FUNC,A1
kelly,в,FUNC,A1
kelly,ваш,PRON,A1
kelly,восемнадцать,NUM,A1
kelly,восемь,NUM,A1
kelly,восемьдесят,NUM,A1
kelly,восемьсот,NUM,A1
kelly,вот,FUNC,A1
kelly,все,PRON,A1
kelly,вчера,NOUN,A1
kelly,вы,PRON,A1
kelly,где,ADV,A1
kelly,госпожа,NOUN,A1
kelly,да,FUNC,A1
kelly,два,NUM,A1
kelly,двадцать,NUM,A1
kelly,двенадцать,NUM,A1
kelly,двести,NUM,A1
kelly,девяносто,NUM,A1
kelly,девятнадцать,NUM,A1
kelly,девять,NUM,A1
kelly,девятьсот,NUM,A1
kelly,деньги,NOUN,A1
kelly,десять,NUM,A1
kelly,дети,NOUN,A1
kelly,для,FUNC,A1
kelly,должен,ADV,A1
kelly,другой,PRON,A1
kelly,его,PRON,A1
kelly,ее,PRON,A1
kelly,ей,PRON,A1
kelly,закрыто,ADJ,A1
kelly,здесь,ADV,A1
kelly,и,FUNC,A1
kelly,из,FUNC,A1
kelly,извините,VERB,A1
kelly,или,FUNC,A1
kelly,им,PRON,A1
kelly,их,PRON,A1
kelly,к,FUNC,A1
kelly,как,FUNC,A1
kelly,какой,PRON,A1
kelly,кг,,A1
kelly,км,NOUN,A1
kelly,когда,FUNC,A1
kelly,кока-кола,NOUN,A1
kelly,кто,PRON,A1
kelly,люди,NOUN,A1
kelly,мне,PRON,A1
kelly,может,ADV,A1
kelly,мой,PRON,A1
kelly,молодец,FUNC,A1
kelly,мороженое,NOUN,A1
kelly,мы,PRON,A1
kelly,на,FUNC,A1
kelly,нас,PRON,A1
kelly,настоящее,NOUN,A1
kelly,наш,PRON,A1
kelly,не,ADV,A1
kelly,нет,FUNC,A1
kelly,ноль,NUM,A1
kelly,один,NUM,A1
kelly,один,PRON,A1
kelly,одиннадцать,NUM,A1
kelly,он,PRON,A1
kelly,она,PRON,A1
kelly,они,PRON,A1
kelly,оно,PRON,A1
kelly,опять,ADV,A1
kelly,от,FUNC,A1
kelly,откуда,ADV,A1
kelly,пепси-кола,NOUN,A1
kelly,пирожное,NOUN,A1
kelly,пожалуйста,FUNC,A1
kelly,полкило,NOUN,A1
kelly,полотенце,NOUN,A1
kelly,привет,FUNC,A1
kelly,продавщица,NOUN,A1
kelly,прошедший,ADJ,A1
kelly,прошлое,NOUN,A1
kelly,пятнадцать,NUM,A1
kelly,пять,NUM,A1
kelly,пятьдесят,NUM,A1
kelly,пятьсот,NUM,A1
kelly,себе,PRON,A1
kelly,себя,PRON,A1
kelly,семнадцать,NUM,A1
kelly,семь,NUM,A1
kelly,семьдесят,NUM,A1
kelly,семьсот,NUM,A1
kelly,со,FUNC,A1
kelly,сорок,NUM,A1
kelly,сосиска,NOUN,A1
kelly,спасибо,FUNC,A1
kelly,сто,NUM,A1
kelly,столовая,NOUN,A1
kelly,стоп,FUNC,A1
kelly,сюда,ADV,A1
kelly,та,PRON,A1
kelly,так,FUNC,A1
kelly,такой,PRON,A1
kelly,там,ADV,A1
kelly,там,PRON,A1
kelly,твой,PRON,A1
kelly,те,PRON,A1
kelly,тебе,PRON,A1
kelly,то,FUNC,A1
kelly,только,FUNC,A1
kelly,тот,PRON,A1
kelly,три,NUM,A1
kelly,тридцать,NUM,A1
kelly,тринадцать,NUM,A1
kelly,триста,NUM,A1
kelly,ту,PRON,A1
kelly,тут,ADV,A1
kelly,туфли,NOUN,A1
kelly,ты,PRON,A1
kelly,тысяча,NUM,A1
kelly,у,FUNC,A1
kelly,четыре,NUM,A1
kelly,четыреста,NUM,A1
kelly,четырнадцать,NUM,A1
kelly,что,FUNC,A1
kelly,что,PRON,A1
kelly,шестнадцать,NUM,A1
kelly,шесть,NUM,A1
kelly,шестьдесят,NUM,A1
kelly,шестьсот,NUM,A1
kelly,эта,PRON,A1
kelly,эти,PRON,A1
kelly,это,PRON,A1
kelly,этот,PRON,A1
kelly,я,PRON,A1
kelly,автомашина,NOUN,A2
kelly,будущее,NOUN,A2
kelly,бы,VERB,A2
kelly,вверху,ADV,A2
kelly,везде,ADV,A2
kelly,весь,PRON,A2
kelly,вниз,FUNC,A2
kelly,внизу,ADV,A2
kelly,восемнадцатый,NUM,A2
kelly,восьмидесятый,NUM,A2
kelly,восьмисотый,NUM,A2
kelly,восьмой,NUM,A2
kelly,второй,NUM,A2
kelly,вчерашний,ADJ,A2
kelly,гостиная,NOUN,A2
kelly,дальше,ADV,A2
kelly,двадцатый,NUM,A2
kelly,двенадцатый,NUM,A2
kelly,двоюродный,ADJ,A2
kelly,двухсотый,NUM,A2
kelly,девяностый,NUM,A2
kelly,девятисотый,ADJ,A2
kelly,девятнадцатый,NUM,A2
kelly,девятый,NUM,A2
kelly,десятый,NUM,A2
kelly,джемпер,NOUN,A2
kelly,до,FUNC,A2
kelly,достаточно,PRON,A2
kelly,ежедневный,ADV,A2
kelly,если,FUNC,A2
kelly,еще,FUNC,A2
kelly,животное,NOUN,A2
kelly,за,FUNC,A2
kelly,замороженный,ADJ,A2
kelly,зачем,ADV,A2
kelly,из-под,FUNC,A2
kelly,каждый,PRON,A2
kelly,кажется,ADV,A2
kelly,кинофильм,NOUN,A2
kelly,киоск,NOUN,A2
kelly,который,PRON,A2
kelly,кроссовки,NOUN,A2
kelly,лучше,ADJ,A2
kelly,любой,PRON,A2
kelly,медсестра,NOUN,A2
kelly,между,FUNC,A2
kelly,междугородний,ADJ,A2
kelly,миллиард,NUM,A2
kelly,миллиардный,NUM,A2
kelly,миллион,NUM,A2
kelly,миллионный,NUM,A2
kelly,млн,,A2
kelly,мм,,A2
kelly,морепродукты,NOUN,A2
kelly,наверное,ADV,A2
kelly,наверху,ADV,A2
kelly,над,FUNC,A2
kelly,начинающий,ADJ,A2
kelly,ни,FUNC,A2
kelly,нигде,ADV,A2
kelly,ниже,ADJ,A2
kelly,никто,PRON,A2
kelly,ничего,ADV,A2
kelly,но,FUNC,A2
kelly,о,FUNC,A2
kelly,об,FUNC,A2
kelly,оба,PRON,A2
kelly,одиннадцатый,NUM,A2
kelly,около,FUNC,A2
kelly,отсюда,ADV,A2
kelly,оттуда,ADV,A2
kelly,парикмахерская,NOUN,A2
kelly,паркинг,NOUN,A2
kelly,пельмени,NOUN,A2
kelly,первый,NUM,A2
kelly,перед,FUNC,A2
kelly,пластырь,NOUN,A2
kelly,по,FUNC,A2
kelly,по-другому,ADV,A2
kelly,под,FUNC,A2
kelly,позже,ADJ,A2
kelly,полтора,NUM,A2
kelly,посередине,ADV,A2
kelly,поэтому,FUNC,A2
kelly,при,FUNC,A2
kelly,прилагательное,NOUN,A2
kelly,прихожая,NOUN,A2
kelly,прямо,FUNC,A2
kelly,пятидесятый,NUM,A2
kelly,пятисотый,NUM,A2
kelly,пятнадцатый,NUM,A2
kelly,пятый,NUM,A2
kelly,разве,FUNC,A2
kelly,рф,NOUN,A2
kelly,с,FUNC,A2
kelly,сам,PRON,A2
kelly,самый,PRON,A2
kelly,сандалии,NOUN,A2
kelly,сбоку,ADV,A2
kelly,сверху,ADV,A2
kelly,свой,PRON,A2
kelly,седьмой,NUM,A2
kelly,семидесятый,NUM,A2
kelly,семисотый,NUM,A2
kelly,семнадцатый,NUM,A2
kelly,словосочетание,NOUN,A2
kelly,см,,A2
kelly,смс,NOUN,A2
kelly,сороковой,NUM,A2
kelly,сотый,NUM,A2
kelly,спереди,ADV,A2
kelly,спортзал,NOUN,A2
kelly,стихи,NOUN,A2
kelly,субтитры,NOUN,A2
kelly,счастье,NOUN,A2
kelly,тв,,A2
kelly,тем,PRON,A2
kelly,теперь,ADV,A2
kelly,тобой,PRON,A2
kelly,тоже,FUNC,A2
kelly,ток-шоу,NOUN,A2
kelly,точно,FUNC,A2
kelly,третий,NUM,A2
kelly,трехсотый,NUM,A2
kelly,тридцатый,NUM,A2
kelly,тринадцатый,NUM,A2
kelly,туда,ADV,A2
kelly,турникет,NOUN,A2
kelly,тысячный,NUM,A2
kelly,ум,NOUN,A2
kelly,фитнес,NOUN,A2
kelly,фотоаппарат,NOUN,A2
kelly,хватит,VERB,A2
kelly,холл,NOUN,A2
kelly,хуже,ADJ,A2
kelly,чаевые,NOUN,A2
kelly,чего,PRON,A2
kelly,чей,PRON,A2
kelly,чем,FUNC,A2
kelly,через,FUNC,A2
kelly,четверо,NUM,A2
kelly,четвертый,NUM,A2
kelly,четырехсотый,NUM,A2
kelly,четырнадцатый,NUM,A2
kelly,числительное,NOUN,A2
kelly,чтобы,FUNC,A2
kelly,чуть-чуть,ADV,A2
kelly,шампанское,NOUN,A2
kelly,шестеро,NUM,A2
kelly,шестидесятый,NUM,A2
kelly,шестисотый,NUM,A2
kelly,шестнадцатый,NUM,A2
kelly,шестой,NUM,A2
kelly,шоппинг,NOUN,A2
kelly,НТВ,NOUN,B1
kelly,авиакомпания,NOUN,B1
kelly,апартаменты,NOUN,B1
kelly,бабки,NOUN,B1
kelly,бензоколонка,NOUN,B1
kelly,благодаря,FUNC,B1
kelly,блоггер,NOUN,B1
kelly,боулинг,NOUN,B1
kelly,бюстгальтер,NOUN,B1
kelly,вакансия,NOUN,B1
kelly,веб-кошелек,NOUN,B1
kelly,веб-сайт,NOUN,B1
kelly,видеокамера,NOUN,B1
kelly,видеоклип,NOUN,B1
kelly,вместо,FUNC,B1
kelly,вначале,ADV,B1
kelly,во-первых,ADV,B1
kelly,восьмерка,NOUN,B1
kelly,всего,FUNC,B1
kelly,выходные,NOUN,B1
kelly,где-нибудь,ADV,B1
kelly,где-то,ADV,B1
kelly,гид,NOUN,B1
kelly,даже,FUNC,B1
kelly,дк,NOUN,B1
kelly,е-мэйл,NOUN,B1
kelly,жаль,ADV,B1
kelly,же,FUNC,B1
kelly,здорово,FUNC,B1
kelly,из-за,FUNC,B1
kelly,интернет-кафе,NOUN,B1
kelly,как-то,ADV,B1
kelly,какой-нибудь,PRON,B1
kelly,какой-то,PRON,B1
kelly,когда-нибудь,ADV,B1
kelly,когда-то,ADV,B1
kelly,компакт-диск,NOUN,B1
kelly,коньки,NOUN,B1
kelly,кпрф,NOUN,B1
kelly,кто-нибудь,PRON,B1
kelly,кто-то,PRON,B1
kelly,ли,FUNC,B1
kelly,мастерская,NOUN,B1
kelly,насекомое,NOUN,B1
kelly,наушники,NOUN,B1
kelly,неважный,ADV,B1
kelly,несовершеннолетний,NOUN,B1
kelly,никак,ADV,B1
kelly,нисколько,ADV,B1
kelly,ой,FUNC,B1
kelly,онлайн,ADJ,B1
kelly,основное,NOUN,B1
kelly,остальной,PRON,B1
kelly,отходы,NOUN,B1
kelly,пк,NOUN,B1
kelly,поверх,FUNC,B1
kelly,поперек,FUNC,B1
kelly,пора,ADV,B1
kelly,правописание,NOUN,B1
kelly,прачечная,NOUN,B1
kelly,презерватив,NOUN,B1
kelly,притяжательный,ADJ,B1
kelly,проживающий,ADJ,B1
kelly,прошлогодний,ADJ,B1
kelly,равно,ADJ,B1
kelly,родные,ADJ,B1
kelly,самочувствие,NOUN,B1
kelly,сборная,NOUN,B1
kelly,свекр,NOUN,B1
kelly,сегодняшний,ADJ,B1
kelly,семерка,NOUN,B1
kelly,семеро,NUM,B1
kelly,скатерть,NOUN,B1
kelly,спектакль,NOUN,B1
kelly,специи,NOUN,B1
kelly,среди,FUNC,B1
kelly,стихотворение,NOUN,B1
kelly,телевикторина,NOUN,B1
kelly,телеканал,NOUN,B1
kelly,теракт,NOUN,B1
kelly,трижды,ADV,B1
kelly,ура,FUNC,B1
kelly,учащийся,NOUN,B1
kelly,хотя,FUNC,B1
kelly,чей-нибудь,PRON,B1
kelly,чей-то,PRON,B1
kelly,что-нибудь,PRON,B1
kelly,что-то,PRON,B1
kelly,электроэнергия,NOUN,B1
kelly,МГУ,,B2
kelly,авитаминоз,NOUN,B2
kelly,ад,NOUN,B2
kelly,алиби,NOUN,B2
kelly,амбиции,NOUN,B2
kelly,аномалия,NOUN,B2
kelly,аэс,NOUN,B2
kelly,беспроводной,ADJ,B2
kelly,бинокль,NOUN,B2
kelly,благосостояние,NOUN,B2
kelly,боже,FUNC,B2
kelly,больничный,NOUN,B2
kelly,будто,FUNC,B2
kelly,верующий,NOUN,B2
kelly,веселье,NOUN,B2
kelly,взаимоотношения,NOUN,B2
kelly,взаимопонимание,NOUN,B2
kelly,вне,FUNC,B2
kelly,водоем,NOUN,B2
kelly,возле,FUNC,B2
kelly,вон,FUNC,B2
kelly,впервые,ADV,B2
kelly,вполне,PRON,B2
kelly,впоследствии,ADV,B2
kelly,все-таки,FUNC,B2
kelly,вследствие,FUNC,B2
kelly,всюду,ADV,B2
kelly,всякий,PRON,B2
kelly,где-либо,ADV,B2
kelly,гениталии,NOUN,B2
kelly,горючее,NOUN,B2
kelly,данные,NOUN,B2
kelly,данный,PRON,B2
kelly,дважды,ADV,B2
kelly,двое,NUM,B2
kelly,диаграмма,NOUN,B2
kelly,дисковод,NOUN,B2
kelly,днк,,B2
kelly,еле,ADV,B2
kelly,ес,NOUN,B2
kelly,желательный,ADV,B2
kelly,жюри,NOUN,B2
kelly,затраты,NOUN,B2
kelly,землетрясение,NOUN,B2
kelly,изделие,NOUN,B2
kelly,изжога,NOUN,B2
kelly,иначе,ADV,B2
kelly,ит,,B2
kelly,итого,ADV,B2
kelly,кадры,NOUN,B2
kelly,когда-либо,ADV,B2
kelly,кодекс,NOUN,B2
kelly,коммуникации,NOUN,B2
kelly,координаты,NOUN,B2
kelly,коэффициент,NOUN,B2
kelly,кпк,NOUN,B2
kelly,ладно,FUNC,B2
kelly,легкое,NOUN,B2
kelly,либо,FUNC,B2
kelly,лишь,FUNC,B2
kelly,мг,NOUN,B2
kelly,менеджмент,NOUN,B2
kelly,месторождение,NOUN,B2
kelly,миллилитр,NOUN,B2
kelly,мл,,B2
kelly,млекопитающее,NOUN,B2
kelly,многие,PRON,B2
kelly,многое,PRON,B2
kelly,молча,ADV,B2
kelly,мэйл,NOUN,B2
kelly,набережная,NOUN,B2
kelly,наиболее,ADV,B2
kelly,налогообложение,NOUN,B2
kelly,напрямую,ADV,B2
kelly,ндс,NOUN,B2
kelly,негде,ADV,B2
kelly,некоторый,PRON,B2
kelly,неподалеку,ADV,B2
kelly,несчастье,NOUN,B2
kelly,неужели,FUNC,B2
kelly,нечего,ADV,B2
kelly,никакой,PRON,B2
kelly,ничто,PRON,B2
kelly,нищий,NOUN,B2
kelly,ну,FUNC,B2
kelly,обвиняемый,NOUN,B2
kelly,озноб,NOUN,B2
kelly,остальное,NOUN,B2
kelly,откровенный,ADV,B2
kelly,отчасти,ADV,B2
kelly,параграф,NOUN,B2
kelly,параллельный,ADV,B2
kelly,переменная,NOUN,B2
kelly,пирсинг,NOUN,B2
kelly,по-разному,ADV,B2
kelly,по-старому,ADV,B2
kelly,поблизости,ADV,B2
kelly,подсудимый,NOUN,B2
kelly,потерпевший,NOUN,B2
kelly,православный,NOUN,B2
kelly,предисловие,NOUN,B2
kelly,предки,NOUN,B2
kelly,пресс-конференция,NOUN,B2
kelly,префектура,NOUN,B2
kelly,приемная,NOUN,B2
kelly,присутствующий,NOUN,B2
kelly,пропадать,NOUN,B2
kelly,псевдоним,NOUN,B2
kelly,пусть,FUNC,B2
kelly,пятеро,NUM,B2
kelly,радиостанция,NOUN,B2
kelly,развивающийся,ADJ,B2
kelly,реалити-шоу,NOUN,B2
kelly,регулирование,VERB,B2
kelly,ролики,NOUN,B2
kelly,сбережения,NOUN,B2
kelly,сведения,NOUN,B2
kelly,сверх,FUNC,B2
kelly,себестоимость,NOUN,B2
kelly,сквозь,FUNC,B2
kelly,слегка,ADV,B2
kelly,следует,VERB,B2
kelly,слизистая,NOUN,B2
kelly,служащий,NOUN,B2
kelly,соболезнования,NOUN,B2
kelly,спиртное,NOUN,B2
kelly,супер,ADJ,B2
kelly,супруга,NOUN,B2
kelly,существительное,NOUN,B2
kelly,т.е.,,B2
kelly,также,ADV,B2
kelly,текущий,ADJ,B2
kelly,том,NOUN,B2
kelly,трое,NUM,B2
kelly,убеждения,NOUN,B2
kelly,целое,NOUN,B2
kelly,чего-либо,PRON,B2
kelly,четкий,ADV,B2
kelly,что-либо,PRON,B2
kelly,шепот,NOUN,B2
kelly,шепотом,ADV,B2
kelly,штрих-код,NOUN,B2
kelly,эвтаназия,NOUN,B2
kelly,электростанция,NOUN,B2
kelly,эмбарго,NOUN,B2
kelly,энтузиазм,NOUN,B2
kelly,активы,NOUN,C1
kelly,альянс,NOUN,C1
kelly,антитела,NOUN,C1
kelly,антитрестовский,ADJ,C1
kelly,ввиду,FUNC,C1
kelly,вдоль,FUNC,C1
kelly,ведущий,NOUN,C1
kelly,ведь,FUNC,C1
kelly,вернее,ADV,C1
kelly,вестибюль,NOUN,C1
kelly,весьма,ADV,C1
kelly,вопреки,FUNC,C1
kelly,вот-вот,ADV,C1
kelly,вышестоящий,ADJ,C1
kelly,га,NOUN,C1
kelly,главнокомандующий,NOUN,C1
kelly,дальнейшее,NOUN,C1
kelly,детеныш,NOUN,C1
kelly,заросли,NOUN,C1
kelly,зато,FUNC,C1
kelly,издержки,NOUN,C1
kelly,именно,FUNC,C1
kelly,испражнения,NOUN,C1
kelly,итак,ADV,C1
kelly,кворум,NOUN,C1
kelly,кгб,NOUN,C1
kelly,кое,FUNC,C1
kelly,кое-как,ADV,C1
kelly,кое-что,PRON,C1
kelly,ком,NOUN,C1
kelly,кроме,FUNC,C1
kelly,лезвие,NOUN,C1
kelly,мвд,NOUN,C1
kelly,местоположение,NOUN,C1
kelly,минувший,ADJ,C1
kelly,намек,NOUN,C1
kelly,немногие,PRON,C1
kelly,оао,NOUN,C1
kelly,обочина,NOUN,C1
kelly,объятия,NOUN,C1
kelly,однако,FUNC,C1
kelly,ооо,,C1
kelly,осел,NOUN,C1
kelly,очертания,NOUN,C1
kelly,пила,VERB,C1
kelly,по-видимому,ADV,C1
kelly,повсюду,ADV,C1
kelly,полномочия,NOUN,C1
kelly,помимо,FUNC,C1
kelly,поначалу,ADV,C1
kelly,президиум,NOUN,C1
kelly,преобладающий,VERB,C1
kelly,продвинутый,VERB,C1
kelly,прочий,PRON,C1
kelly,пускай,FUNC,C1
kelly,ради,FUNC,C1
kelly,реалии,NOUN,C1
kelly,рсфср,NOUN,C1
kelly,руины,NOUN,C1
kelly,словно,FUNC,C1
kelly,слушания,NOUN,C1
kelly,составляющая,NOUN,C1
kelly,сплошь,ADV,C1
kelly,спс,NOUN,C1
kelly,тайга,NOUN,C1
kelly,теперешний,ADJ,C1
kelly,трудящийся,NOUN,C1
kelly,упрек,NOUN,C1
kelly,ущелье,NOUN,C1
kelly,фсб,NOUN,C1
kelly,аж,FUNC,C2
kelly,богослужение,NOUN,C2
kelly,вдребезги,ADV,C2
kelly,велик,ADJ,C2
kelly,видать,ADV,C2
kelly,вовсю,ADV,C2
kelly,вроде,FUNC,C2
kelly,всплеск,NOUN,C2
kelly,вышеупомянутый,ADJ,C2
kelly,дескать,ADV,C2
kelly,дилемма,NOUN,C2
kelly,должное,NOUN,C2
kelly,жкх,NOUN,C2
kelly,зачастую,ADV,C2
kelly,комиссариат,NOUN,C2
kelly,кпсс,NOUN,C2
kelly,мол,ADV,C2
kelly,наверняка,FUNC,C2
kelly,накануне,ADV,C2
kelly,наряду,ADV,C2
kelly,невзирая,ADV,C2
kelly,некто,PRON,C2
kelly,нечто,PRON,C2
kelly,нм,NOUN,C2
kelly,новенький,NOUN,C2
kelly,нынче,ADV,C2
kelly,по-прежнему,ADV,C2
kelly,подчас,ADV,C2
kelly,пожалуй,ADV,C2
kelly,поистине,ADV,C2
kelly,поскольку,FUNC,C2
kelly,прах,NOUN,C2
kelly,пресловутый,ADJ,C2
kelly,пригождаться,VERB,C2
kelly,проездом,NOUN,C2
kelly,разумеется,ADV,C2
kelly,суждено,ADV,C2
kelly,таки,FUNC,C2
kelly,тогдашний,ADJ,C2
kelly,тотчас,ADV,C2
kelly,уж,ADV,C2
kelly,цк,NOUN,C2
kelly,чересчур,ADV,C2
kelly,якобы,ADV,C2
smartool,больной,NOUN,A1
smartool,деньги,NOUN,A1
smartool,другой,NOUN,A1
smartool,мороженое,NOUN,A1
smartool,рад,ADJ,A1
smartool,столовая,NOUN,A1
smartool,фотоаппарат,NOUN,A1
smartool,вчерашний,ADJ,A2
smartool,животное,NOUN,A2
smartool,знакомый,NOUN,A2
smartool,медсестра,NOUN,A2
smartool,несчастье,NOUN,A2
smartool,счастье,NOUN,A2
smartool,ум,NOUN,A2
smartool,щи,NOUN,A2
smartool,весть,VERB,B1
smartool,видеокассета,NOUN,B1
smartool,землетрясение,NOUN,B1
smartool,конёк,NOUN,B1
smartool,кроссовка,NOUN,B1
smartool,кроссовок,NOUN,B1
smartool,мюзикл,NOUN,B1
smartool,негде,VERB,B1
smartool,некогда,VERB,B1
smartool,некуда,VERB,B1
smartool,нечего,VERB,B1
smartool,полотенце,NOUN,B1
smartool,прилагательное,NOUN,B1
smartool,продавщица,NOUN,B1
smartool,спектакль,NOUN,B1
smartool,существительное,NOUN,B1
smartool,том,NOUN,B1
smartool,учащийся,NOUN,B1
smartool,электростанция,NOUN,B1
smartool,языкознание,NOUN,B1
smartool,ад,NOUN,B2
smartool,антракт,NOUN,B2
smartool,ведущий,NOUN,B2
smartool,верующий,NOUN,B2
smartool,видеокамера,NOUN,B2
smartool,видеомагнитофон,NOUN,B2
smartool,вьющийся,ADJ,B2
smartool,гастроли,NOUN,B2
smartool,гидроэлектростанция,NOUN,B2
smartool,гололед,NOUN,B2
smartool,горничная,NOUN,B2
smartool,гостиная,NOUN,B2
smartool,данные,NOUN,B2
smartool,двоюродный,ADJ,B2
smartool,двухместный,ADJ,B2
smartool,дежурная,NOUN,B2
smartool,кипяченый,ADJ,B2
smartool,мастерская,NOUN,B2
smartool,мусоропровод,NOUN,B2
smartool,набережная,NOUN,B2
smartool,найм,NOUN,B2
smartool,насекомое,NOUN,B2
smartool,натюрморт,NOUN,B2
smartool,нищий,NOUN,B2
smartool,одеколон,NOUN,B2
smartool,одноместный,ADJ,B2
smartool,парикмахерская,NOUN,B2
smartool,пластырь,NOUN,B2
smartool,подлежащее,NOUN,B2
